activo;fecha;lugar;cantidad;precio al momento de adquisicion;valor;protocolo;identificador
BAL;2024-01-03T19:12:45+00:00;gnosis;0.010597366153306777;3.695;0.039157267936468544;aura-finance;1000x207c3924c8629f2e4ecaa978e62c35491355cdf63ddfe4e6763b1c12a2625122
AURA;2024-01-03T19:12:45+00:00;gnosis;0.0121737493118674;0.725953223828;0.008837572559024036;aura-finance;1000x207c3924c8629f2e4ecaa978e62c35491355cdf63ddfe4e6763b1c12a2625122
AURA;2024-01-03T19:12:45+00:00;gnosis;0.016727024670891478;0.725953223828;0.012143037484884158;aura-finance;1000x207c3924c8629f2e4ecaa978e62c35491355cdf63ddfe4e6763b1c12a2625122
BAL;2024-01-03T19:14:50+00:00;gnosis;0.10181901305332378;3.695;0.3762212532320313;aura-finance;1000xb734650700a859e217637c2c47904948043f821d7b48144273b0184fba1d6258
AURA;2024-01-03T19:14:50+00:00;gnosis;0.11694930590316163;0.725953223828;0.08489972564484714;aura-finance;1000xb734650700a859e217637c2c47904948043f821d7b48144273b0184fba1d6258
AURA;2024-01-03T19:14:50+00:00;gnosis;0.1759470618782692;0.725953223828;0.12772933679359413;aura-finance;1000xb734650700a859e217637c2c47904948043f821d7b48144273b0184fba1d6258
VELO;2024-01-04T13:38:07+00:00;optimism;92.69799787398291;0.0050315;0.46640997630294506;velodrome;100xa0a082b0603542a31ae042a14157a782b77747f70fe04a55ae1e818cff66cc97
BAL;2024-01-05T09:06:26+00:00;arbitrum one;0.019559194881327988;3.704;0.07244725784043886;aura-finance;421610x237b20b33f21cfbb0a48e590d22e151f31fd2c8dec1040ed39ff61ab02c2f56b
AURA;2024-01-05T09:06:26+00:00;arbitrum one;0.021324754319540482;0.71297843127;0.01520408988196413;aura-finance;421610x237b20b33f21cfbb0a48e590d22e151f31fd2c8dec1040ed39ff61ab02c2f56b
ARB;2024-01-05T09:06:26+00:00;arbitrum one;0.09907570415879036;1.735;0.17189634671550127;aura-finance;421610x237b20b33f21cfbb0a48e590d22e151f31fd2c8dec1040ed39ff61ab02c2f56b
AURA;2024-01-05T09:06:26+00:00;arbitrum one;0.08049883806600949;0.71297843127;0.05739393528336121;aura-finance;421610x237b20b33f21cfbb0a48e590d22e151f31fd2c8dec1040ed39ff61ab02c2f56b
BAL;2024-01-21T15:05:35+00:00;arbitrum one;0.011514234675196465;3.7;0.04260266829822692;aura-finance;421610xc0a74570faf3bf78cc1e9d1f81c290b416e6f1ce6f401078b40b25acf740c067
AURA;2024-01-21T15:05:35+00:00;arbitrum one;0.013966392334800678;0.666349426324;0.009306497520110342;aura-finance;421610xc0a74570faf3bf78cc1e9d1f81c290b416e6f1ce6f401078b40b25acf740c067
AURA;2024-01-21T15:05:35+00:00;arbitrum one;0.014568006242145682;0.666349426324;0.009707382602138227;aura-finance;421610xc0a74570faf3bf78cc1e9d1f81c290b416e6f1ce6f401078b40b25acf740c067
ARB;2024-01-21T15:05:35+00:00;arbitrum one;0.39831831518910177;1.726;0.6874974120163896;aura-finance;421610xc0a74570faf3bf78cc1e9d1f81c290b416e6f1ce6f401078b40b25acf740c067
AERO;2024-01-21T21:52:29+00:00;base;20.25446388856169;0.03957383506488;0.8015468132535084;aerodrome;84530xa1f6043ffb4648b0a5392e97b13fac4e492960158e045ae74fb4d029756582d4
VELO;2024-01-21T21:54:49+00:00;optimism;115.50916196497188;0.0046575;0.5379839218518565;velodrome;100x937eb06048fb43625aee756b30b4f701d8519b2c06ec349a41c1ff64579f3829
VELO;2024-01-21T21:54:57+00:00;optimism;47.897559148411084;0.0046575;0.22308288173372462;velodrome;100x4b1dbab2da3e9dbf9efaab86ce5df6d2fa37edf6a955766f2c47ebc20aebdd12
BAL;2024-02-02T12:11:17+00:00;arbitrum one;0.1577587248255011;3.3135;0.5227335347092978;aura-finance;421610x821e7f8614def3cbf32928dec6eac59539f553b64e9034030d71f5abc2f17817
AURA;2024-02-02T12:11:17+00:00;arbitrum one;0.21422565195281315;0.619825271247;0.13278247282971783;aura-finance;421610x821e7f8614def3cbf32928dec6eac59539f553b64e9034030d71f5abc2f17817
AURA;2024-02-02T12:11:17+00:00;arbitrum one;0.1432503860176139;0.619825271247;0.088790209369605;aura-finance;421610x821e7f8614def3cbf32928dec6eac59539f553b64e9034030d71f5abc2f17817
ARB;2024-02-02T12:11:17+00:00;arbitrum one;2.0196515815220395;1.652;3.3364644126744087;aura-finance;421610x821e7f8614def3cbf32928dec6eac59539f553b64e9034030d71f5abc2f17817
BAL;2024-02-14T10:28:00+00:00;gnosis;0.017545877991911974;3.698;0.06488465681409047;aura-finance;1000xaf9d256d5099bcf7857224e0bd88fd21b882e2cd645cb7f479c9aae865df5d6d
AURA;2024-02-14T10:28:00+00:00;gnosis;0.021948570088054502;0.6492;0.014249011701164983;aura-finance;1000xaf9d256d5099bcf7857224e0bd88fd21b882e2cd645cb7f479c9aae865df5d6d
AURA;2024-02-14T10:28:00+00:00;gnosis;0.029650400255723092;0.6492;0.019249039846015434;aura-finance;1000xaf9d256d5099bcf7857224e0bd88fd21b882e2cd645cb7f479c9aae865df5d6d
BAL;2024-02-20T11:51:10+00:00;gnosis;0.8030089870967734;3.895;3.1277200047419322;aura-finance;1000x93a43e2fc304e9856442b15965f63a7a6fd5e3e93a09e6c32dc4c6a72a9be196
AURA;2024-02-20T11:51:10+00:00;gnosis;0.8898837867512466;0.714305326412;0.6356487287640958;aura-finance;1000x93a43e2fc304e9856442b15965f63a7a6fd5e3e93a09e6c32dc4c6a72a9be196
AURA;2024-02-20T11:51:10+00:00;gnosis;1.0492305083491509;0.714305326412;0.749470940747769;aura-finance;1000x93a43e2fc304e9856442b15965f63a7a6fd5e3e93a09e6c32dc4c6a72a9be196
BAL;2024-02-23T11:21:05+00:00;gnosis;0.038810653786527476;3.9195;0.15211835751629443;aura-finance;1000x9ce38568ceffddeb25552de73ff055fb7dbd822114a64e8cc756afa2c9285cdb
AURA;2024-02-23T11:21:05+00:00;gnosis;0.05279816858768623;0.68646734884;0.03624421881399634;aura-finance;1000x9ce38568ceffddeb25552de73ff055fb7dbd822114a64e8cc756afa2c9285cdb
AURA;2024-02-23T11:21:05+00:00;gnosis;0.035465129539898936;0.68646734884;0.024345653451521593;aura-finance;1000x9ce38568ceffddeb25552de73ff055fb7dbd822114a64e8cc756afa2c9285cdb
GNO;2024-02-23T11:21:50+00:00;gnosis;0.008956322635160628;287.67;2.576465332456658;curve;1000x9f31300042a35f0b665703da0a74009f50aaa7982c1e214ef8f37bf829150b89
wstETH;2024-02-23T11:21:50+00:00;gnosis;0.003259201454916457;1734.89834205933;5.6543832005719175;curve;1000x9f31300042a35f0b665703da0a74009f50aaa7982c1e214ef8f37bf829150b89
BAL;2024-02-24T10:37:00+00:00;gnosis;0.004992363094743974;4.285;0.02139227586097793;aura-finance;1000x89a826dcfd5cbba0ae3f095f02aa295bf8bae79720c2fee7b1d56a78bbe11c7b
AURA;2024-02-24T10:37:00+00:00;gnosis;0.006665699988362834;0.728044028188;0.004852923070220383;aura-finance;1000x89a826dcfd5cbba0ae3f095f02aa295bf8bae79720c2fee7b1d56a78bbe11c7b
AURA;2024-02-24T10:37:00+00:00;gnosis;0.009047529242185267;0.728044028188;0.0065869996346292845;aura-finance;1000x89a826dcfd5cbba0ae3f095f02aa295bf8bae79720c2fee7b1d56a78bbe11c7b
wstETH;2024-02-25T17:10:35+00:00;gnosis;0.002472163763000201;1733.49240713259;4.28547711234918;curve;1000x5fc8c00c96da927636090feea89b8eeab9a33ddc2a7123ede08af05a01682af3
wstETH;2024-02-27T18:17:05+00:00;gnosis;0.000107001735479942;1730.796054978485;0.185198181644535;curve;1000x5f09cd7fd38344d5747c1aeb9594a218330e0c15bdbc4132a8638649a234dfbb
wstETH;2024-03-03T18:29:05+00:00;gnosis;0.000370018257019245;1731.726770751635;0.6407705213470857;curve;1000x4c7a0dd8029fac79a4069ee9a0591ccf072377a17eee5917e33a088b811ff598
wstETH;2024-03-03T18:29:40+00:00;gnosis;0.000486374556796764;1731.726770751635;0.8422678406174178;curve;1000x03dc1e2ec14bcc9a42d74e364112f5bc0e769728df5228643ffa37e4ef4536e8
wstETH;2024-03-03T18:30:05+00:00;gnosis;0.000094426895189592;1732.891339428435;0.16363154888316053;curve;1000x4f0069c866909feec6a91f4ef19f7baa971a72dca8f20be2629581ca8faaca58
AERO;2024-03-07T15:27:55+00:00;base;18.191100215867515;0.376308169880564;6.845459630347037;aerodrome;84530x25e37f14f2f29096a2391baa8490fa68eddd70ebff47f9fd45cc620e19ea32f4
wstETH;2024-03-07T15:32:35+00:00;gnosis;0.000327202856146209;1718.106952242845;0.5621695019385172;curve;1000xc7aa85386ef8a294842f3149bcb658688003a29251288920aeb894f4e0b5d997
wstETH;2024-03-08T11:44:40+00:00;gnosis;0.00007182872928651;1718.204625744765;0.12341645492144995;curve;1000x2101437f3219dc1dc265dba5ff3775f76d9dcecf4fd61301c17d551807f7b9f3
wstETH;2024-03-13T08:53:45+00:00;gnosis;0.000411747019358348;1718.864861051055;0.7077374832175729;curve;1000x307bc72a47afa206c87ad8ae6178f24b44430185a2f6acc0e958d1c00012cbc2
wstETH;2024-03-13T08:54:05+00:00;gnosis;0.000500309606623865;1718.864861051055;0.8599646024720377;curve;1000xfbc68489538d78cbd2775ff4681e42b0f7db5449eaba9357f5b544403d420a78
AERO;2024-03-14T06:21:35+00:00;base;37.78401084939192;0.64919809927878;24.529308026554038;aerodrome;84530x64082a8544320018d67f0fb718d92c61e598859afc7ccf87423a81d2f39d8b92
VELO;2024-03-14T06:26:41+00:00;optimism;31.950881360177096;0.0057875;0.18491572587202493;velodrome;100x050d4b4a61f2551260efc833a6cea91e6109692d8e51500883b30d3746be7452
VELO;2024-03-14T06:26:53+00:00;optimism;5.673476421714872;0.0057875;0.03283524479067482;velodrome;100x65abf4b4d851fa41d50810c9dbcfbb1281a1b3a7a97e835237231bf1959c4c9e
BAL;2024-03-14T15:31:45+00:00;arbitrum one;2.0120296350167237;5.254;10.571203702377865;aura-finance;421610xae3d9aafd459dcc6480ef5a1330deb48a8520e9c56bd314752b05c26f4001d04
AURA;2024-03-14T15:31:45+00:00;arbitrum one;2.4126407625677495;0.839440320834;2.025267935787058;aura-finance;421610xae3d9aafd459dcc6480ef5a1330deb48a8520e9c56bd314752b05c26f4001d04
ARB;2024-03-14T15:31:45+00:00;arbitrum one;1.7701219764985707;1.839;3.2552543147808715;aura-finance;421610xae3d9aafd459dcc6480ef5a1330deb48a8520e9c56bd314752b05c26f4001d04
AURA;2024-03-14T15:31:45+00:00;arbitrum one;3.270406130654695;0.839440320834;2.7453107715742577;aura-finance;421610xae3d9aafd459dcc6480ef5a1330deb48a8520e9c56bd314752b05c26f4001d04
crvUSD;2024-03-14T17:29:14+00:00;arbitrum one;0.1462482643031658;0.88825;0.12990502076728702;curve;421610x9d00d020b732c281269e89b01143cc5fef61254ff01cd5d5fdc0cf75c91ccc79
ARB;2024-03-14T17:29:14+00:00;arbitrum one;9.460676633185933;1.845;17.454948388228047;curve;421610x9d00d020b732c281269e89b01143cc5fef61254ff01cd5d5fdc0cf75c91ccc79
wstETH;2024-03-16T11:01:40+00:00;gnosis;0.000257876118945355;1724.7825604321;0.4447802327088622;curve;1000x48b97a6d76930dded8f534936b28e666be6b58adb733b435caf45125d1eb779f
wstETH;2024-03-17T17:38:10+00:00;gnosis;0.000105831293000446;1724.18712773766;0.18247295310320172;curve;1000xe3ba8271affbec61b208b09f01ea906a9336977de6d0506ed119736b7416b43c
wstETH;2024-03-17T17:41:30+00:00;gnosis;0.000224546080603585;1724.18712773766;0.3871594617606443;curve;1000xb2de7d59fc3cf53ad099e340d111d6b44acef68f0b58230f3789a32f3f13cf79
VELO;2024-03-17T17:44:07+00:00;optimism;611.6981284350436;0.0052625;3.219061400889417;velodrome;100xacf998aa3d75a494519f6795f7baaff819b29ac7ff516f54ad25b81e70c6a3e6
BAL;2024-03-18T07:54:40+00:00;gnosis;0.01795447636430207;4.77;0.08564285225772088;aura-finance;1000x9319a6869c5f6574b60ccee65897df1f72b6d38b4260baed2aa80f49d38ffd93
AURA;2024-03-18T07:54:40+00:00;gnosis;0.0248547626095518;0.751828137629;0.018686509883950233;aura-finance;1000x9319a6869c5f6574b60ccee65897df1f72b6d38b4260baed2aa80f49d38ffd93
AURA;2024-03-18T07:54:40+00:00;gnosis;0.027381183115493955;0.751828137629;0.02058594390780044;aura-finance;1000x9319a6869c5f6574b60ccee65897df1f72b6d38b4260baed2aa80f49d38ffd93
BAL;2024-03-19T11:52:50+00:00;arbitrum one;0.2629173988690299;4.25;1.117398945193377;aura-finance;421610x406733a5bf8ee61f633d5f2ef4f242cc45b5b551054b69f308631ee4362817d9
AURA;2024-03-19T11:52:50+00:00;arbitrum one;0.2948590419310682;0.675448926984;0.1991622234838703;aura-finance;421610x406733a5bf8ee61f633d5f2ef4f242cc45b5b551054b69f308631ee4362817d9
ARB;2024-03-19T11:52:50+00:00;arbitrum one;0.2488470257042114;1.449;0.36057934024540234;aura-finance;421610x406733a5bf8ee61f633d5f2ef4f242cc45b5b551054b69f308631ee4362817d9
AURA;2024-03-19T11:52:50+00:00;arbitrum one;0.3394439776826026;0.675448926984;0.22927707049689475;aura-finance;421610x406733a5bf8ee61f633d5f2ef4f242cc45b5b551054b69f308631ee4362817d9
wstETH;2024-03-19T16:11:05+00:00;gnosis;0.000100142232722691;1729.592041233605;0.17320520870852985;curve;1000xb3f1787d730049871ec0218e95d365eb420342aa381b934d4b47710377fa353f
wstETH;2024-03-19T16:39:20+00:00;gnosis;0.000686684886004642;1729.2173130868;1.1874273935142625;curve;1000xda465746d9725f1cf0e28140979418db89def091c6abaac1c78dc1f0e75e6756
BAL;2024-03-19T17:58:10+00:00;gnosis;0.2991972283959744;4.3505;1.3016575421366865;aura-finance;1000x55ec630c0c8ae9a107569aa762b51de9d1fc0b0489da95db2e4b688f64b14c53
AURA;2024-03-19T17:58:10+00:00;gnosis;0.3907188695510604;0.729;0.28483405590272304;aura-finance;1000x55ec630c0c8ae9a107569aa762b51de9d1fc0b0489da95db2e4b688f64b14c53
AURA;2024-03-19T17:58:10+00:00;gnosis;0.2972865408400203;0.729;0.21672188827237482;aura-finance;1000x55ec630c0c8ae9a107569aa762b51de9d1fc0b0489da95db2e4b688f64b14c53
wstETH;2024-03-20T05:27:25+00:00;gnosis;0.000208503956158651;1728.529841900175;0.36040531037447404;curve;1000x6cb89ccaf6c787103e777ca24bee05d7a74eaff51691c9b49189b408f411c306
wstETH;2024-03-20T05:30:00+00:00;gnosis;0.000306531050951207;1728.529841900175;0.5298480690381844;curve;1000x46f4544ca675778cd707317a3136651fe1576843438eb2ecb38607c202643bb7
ARB;2024-03-20T09:18:35+00:00;arbitrum one;1.010785942372212;1.5255;1.5419539550888097;curve;421610xd910f2249357c7ba1014d408ca89ab61cd004a1adc9c393e8ab6b8b581055f2d
ARB;2024-03-20T21:50:22+00:00;arbitrum one;0.07016772083561418;1.609;0.11289986282450322;curve;421610xfb16f362bb2d9fdacffc869f247f50bde27dc52746f8e9d44f28fdb0eb83aa40
crvUSD;2024-03-20T21:51:07+00:00;arbitrum one;0.07734108115106036;0.8997;0.06958377071160901;curve;421610x42d01d795823aab91346b990f3b0a9b96fac4b30aedadf794c5e3cb843a70373
ARB;2024-03-20T21:51:07+00:00;arbitrum one;5.53269224353516;1.609;8.902101819848072;curve;421610x42d01d795823aab91346b990f3b0a9b96fac4b30aedadf794c5e3cb843a70373
ARB;2024-03-24T15:57:49+00:00;arbitrum one;0.3331220822180281;1.521;0.5066786870536207;curve;421610xfdab13519095337c8a349a45ba4fb8e92b25e110b7e55ef082ca298b5ad1028f
ARB;2024-03-24T15:58:06+00:00;arbitrum one;0.03464009582644041;1.521;0.05268758575201587;curve;421610xcb611871d8de8fe8fc4e19f0b811e3c074d80ac7fd451df2fa7d66c739218716
ARB;2024-03-24T15:58:38+00:00;arbitrum one;0.6351721258043284;1.521;0.9660968033483834;curve;421610x92604b48daddaea43927d547bd72caad772083ad8b1055bc7491f93e3948665c
wstETH;2024-03-28T11:04:00+00:00;gnosis;0.00042202512584761;1741.11375778758;0.7347937527453086;curve;1000x0ec9e950ab80349b9cfd69aa699b4a984b4a42d1297c0b6f32d6d22745438fa3
wstETH;2024-03-28T11:04:35+00:00;gnosis;0.000106220673546755;1741.11375778758;0.18494227607371838;curve;1000xf6632c3e0067854e93b8bbbcd7f4ef98e1536bdf5be8add9d1915160cf6bbb1d
BAL;2024-04-01T07:08:23+00:00;arbitrum one;0.0820885478284026;4.6845;0.38454380230215196;aura-finance;421610xba3a7361e469f3dbc67932a6bcbda168e44c954f6852ce555c766d36a9e8618a
AURA;2024-04-01T07:08:23+00:00;arbitrum one;0.09045570118198376;0.760197554046;0.06876420278805992;aura-finance;421610xba3a7361e469f3dbc67932a6bcbda168e44c954f6852ce555c766d36a9e8618a
AURA;2024-04-01T07:08:23+00:00;arbitrum one;0.1569096951743396;0.760197554046;0.11928236647763639;aura-finance;421610xba3a7361e469f3dbc67932a6bcbda168e44c954f6852ce555c766d36a9e8618a
ARB;2024-04-01T07:08:23+00:00;arbitrum one;0.11138683128535644;1.493;0.16630053910903717;aura-finance;421610xba3a7361e469f3dbc67932a6bcbda168e44c954f6852ce555c766d36a9e8618a
CRV;2024-04-02T10:48:41+00:00;base;0.3024305598581287;0.564381077809608;0.17068608533529386;curve;84530x0548b20ca70d304d5f39576bd3dc4b9b6449e525a8ad009bb7f00fd232adc10f
BAL;2024-04-02T16:01:30+00:00;arbitrum one;0.8207015690377534;4.317;3.5429686735359818;aura-finance;421610xf6cdf8c7c2f8e384cbf76c15c8372d929b4e4abb51cd7623cd8a63d1debc61a4
AURA;2024-04-02T16:01:30+00:00;arbitrum one;0.932362086382084;0.6847187949;0.6384058441979902;aura-finance;421610xf6cdf8c7c2f8e384cbf76c15c8372d929b4e4abb51cd7623cd8a63d1debc61a4
ARB;2024-04-02T16:01:30+00:00;arbitrum one;0.6436005822006877;1.351;0.8695043865531291;aura-finance;421610xf6cdf8c7c2f8e384cbf76c15c8372d929b4e4abb51cd7623cd8a63d1debc61a4
AURA;2024-04-02T16:01:30+00:00;arbitrum one;1.4194357970997193;0.6847187949;0.9719143684280408;aura-finance;421610xf6cdf8c7c2f8e384cbf76c15c8372d929b4e4abb51cd7623cd8a63d1debc61a4
wstETH;2024-04-02T20:13:10+00:00;gnosis;0.000197063732492223;1744.35013170713;0.34374814772750784;curve;1000x3f36efd44aad8419ede5b7c331034a161ed912f0e84666a1c4a1d18f21e90968
BAL;2024-04-04T12:54:27+00:00;arbitrum one;0.13318448791145196;4.39;0.5846799019312742;aura-finance;421610x723fb7e6ba80c88f6b31944ffc35542d4ef0c26f7d7ad3c360eeb994bce21b41
AURA;2024-04-04T12:54:27+00:00;arbitrum one;0.1492932066594638;0.705473107842;0.10532234248174989;aura-finance;421610x723fb7e6ba80c88f6b31944ffc35542d4ef0c26f7d7ad3c360eeb994bce21b41
AURA;2024-04-04T12:54:27+00:00;arbitrum one;0.1972287735316625;0.705473107842;0.13913959581924792;aura-finance;421610x723fb7e6ba80c88f6b31944ffc35542d4ef0c26f7d7ad3c360eeb994bce21b41
ARB;2024-04-06T15:04:43+00:00;arbitrum one;0.6249188006439996;1.3635;0.8520767846780936;curve;421610x9979dacdb8bb306f03d5fe62a5b410ac48693b69a74e961551c65811195501e7
ARB;2024-04-06T15:05:00+00:00;arbitrum one;0.000058625353754685;1.3635;0.000079935669844513;curve;421610xd6f69b5aa82c47333bcc36dc7b1e28a5ffa617460e37e7d608779ff5cef467b8
ARB;2024-04-06T15:05:14+00:00;arbitrum one;0.9861355033875049;1.3635;1.344595758868863;curve;421610xd4915d605070043f361e27e7642401951cbd8591449a888eaa768d6e133de4d4
wstETH;2024-04-06T15:10:00+00:00;gnosis;0.000341429158871821;3574.97243743039;1.2205998323018017;curve;1000x1199b243dfa1576c5966a98fb4814561e9820caedd2db4bb8587c80991107b88
BAL;2024-04-06T15:23:23+00:00;optimism;0.16172735059982016;4.3365;0.7013306558761202;aura-finance;100x61b9381df40f4f32c456b8a16dc867330c432fb2207ebc8562b9745277ec05f4
AURA;2024-04-06T15:23:23+00:00;optimism;0.23258607214168928;0.672791453395;0.15648192151564144;aura-finance;100x61b9381df40f4f32c456b8a16dc867330c432fb2207ebc8562b9745277ec05f4
OP;2024-04-06T15:23:23+00:00;optimism;0.09183454666147695;2.7615;0.2536011006056686;aura-finance;100x61b9381df40f4f32c456b8a16dc867330c432fb2207ebc8562b9745277ec05f4
BAL;2024-04-06T15:33:10+00:00;gnosis;0.2682557954897253;4.3545;1.1681198614600086;aura-finance;1000xa0c1f9546c61d5addb5005518035a3446fa564b2b518a055fb6608304341f01f
AURA;2024-04-06T15:33:10+00:00;gnosis;0.36555534438434234;0.671972109115;0.24564299576420667;aura-finance;1000xa0c1f9546c61d5addb5005518035a3446fa564b2b518a055fb6608304341f01f
AURA;2024-04-06T15:33:10+00:00;gnosis;0.2691099570552863;0.671972109115;0.1808343854262878;aura-finance;1000xa0c1f9546c61d5addb5005518035a3446fa564b2b518a055fb6608304341f01f
ARB;2024-04-07T15:23:22+00:00;arbitrum one;0.30134584573266093;1.384;0.41706265049400276;curve;421610x3873c2f9515a90ce57d9a23d675ba1d94e38d2bf0f6d25ce428274785d3b431e
ARB;2024-04-07T15:23:35+00:00;arbitrum one;0.11535316631957299;1.384;0.159648782186289;curve;421610x9fcc502af35a871de7a67cd091cac54885f973f68c0c32d9f7a13c07b4e342f6
ARB;2024-04-07T18:35:50+00:00;arbitrum one;3.801800290262784;1.3735;5.221772698675934;curve;421610x6a28b71411f1b9e0a1a88d8a0da6d2e780fa53af743e088c526fd09a3ed747f8
ARB;2024-04-12T11:11:43+00:00;arbitrum one;1.3422257962649657;1.3295;1.784489196134272;curve;421610xc897bcfb51fa585ead1c70e9c44bf46ec7cef529f53e3926d5ae87ceba30877b
ARB;2024-04-12T11:11:55+00:00;arbitrum one;0.5181201843987976;1.3295;0.6888407851582015;curve;421610x80921526f6144123f88638f31d5cbbe6efbb843fe4cd11f974cff8b2cc65c102
wstETH;2024-04-12T11:12:40+00:00;gnosis;0.000342729311137544;3850.355307243955;1.3196296220865074;curve;1000x543dd8162959df215e6d44d71a1f4ac9897467406b20ea16dfb08987340dbcc3
CRV;2024-04-12T11:12:50+00:00;gnosis;3.375677280450898;0.5651;1.9075952311828024;curve;1000x84b2f4eebf8bd8ce195e1643534f5d965848950b9c9357e6e9d70ccd24732466
CRV;2024-04-14T13:49:00+00:00;gnosis;1.1339364661189901;0.4129;0.46820236686053107;curve;1000xb704db326ff69d997c46875b254f10aece03049ea2ff585d41466cf22797d213
wstETH;2024-04-14T13:49:15+00:00;gnosis;0.000117863010542191;3295.742638598835;0.38844614935752286;curve;1000xd8b1cac5927c9531f594844283ccd26bce1d40f42622a6ccb3f9937ad378d644
ARB;2024-04-14T13:50:07+00:00;arbitrum one;0.5616551536776496;1.0635;0.5973202559361804;curve;421610xd2c54e9524f50407898061a57e48d32cc35290ab478d57e82aff5c08bb5ac6fc
ARB;2024-04-14T13:50:19+00:00;arbitrum one;0.22711094491905043;1.0635;0.24153248992141013;curve;421610xf97fc7dd9150e3f1c933cbd608b4fdd32355dd92315860adeec20d04c72db9e6
BAL;2024-04-15T13:16:15+00:00;gnosis;0.02170519910597899;3.897;0.08458516091600013;aura-finance;1000x93f7b86a53c951c50fd1ac6e5a81f32fc54896d9535d9afb0794888d4b9cecda
AURA;2024-04-15T13:16:15+00:00;gnosis;0.02388353289857689;0.602215838856;0.014383041799361354;aura-finance;1000x93f7b86a53c951c50fd1ac6e5a81f32fc54896d9535d9afb0794888d4b9cecda
AURA;2024-04-15T13:16:15+00:00;gnosis;0.02856247080641829;0.602215838856;0.0172007723164872;aura-finance;1000x93f7b86a53c951c50fd1ac6e5a81f32fc54896d9535d9afb0794888d4b9cecda
wstETH;2024-04-16T07:05:35+00:00;gnosis;0.00010240703553435;3386.97775667471;0.34685035148184007;curve;1000xae8bdc48e4468b54020990c9703d5dd7b9dd52c791e97feced2b9c8d7ede810a
CRV;2024-04-16T07:06:00+00:00;gnosis;0.9587046716357238;0.4097;0.39278130396915606;curve;1000x27210fd5846317522ceb1a58e6794c7eb358d9fb623c39820833992f16e248a3
ARB;2024-04-16T07:07:05+00:00;arbitrum one;0.4838836409014459;1.086;0.5254976340189702;curve;421610x2542fb44d0f0318bf0e0cde67f3f90adda1884ea27ac013ba201aff171d88a6d
ARB;2024-04-16T07:07:17+00:00;arbitrum one;0.186891359384204;1.086;0.20296401629124555;curve;421610x89942a5b3484bcfd45c2869566cd7e7cf1c5b35ec8f9d60602e13111ddf44e1b
ARB;2024-04-16T15:34:54+00:00;arbitrum one;0.0850547839447194;1.054;0.08964774227773424;curve;421610x6574ab09b251b3764cf7138e561a7f7e086574c70dec0f6785a8e0c3bf231ab3
wstETH;2024-04-16T15:35:55+00:00;gnosis;0.000023303203651044;3307.63616105503;0.07707851906462274;curve;1000x59dc4aa4eab97b8b7c83e4ee9e7aee9494d14425d34af1794351618213ff5aa1
CRV;2024-04-16T15:36:10+00:00;gnosis;0.19743482588704606;0.3916;0.07731547781736724;curve;1000xfb563abe70fb4648aa993e0b500b85ac4086e66a1b313294f36d6cb3d438a45a
wstETH;2024-04-16T17:14:20+00:00;gnosis;0.000996749870896699;3349.757978563925;3.3388708326687797;curve;1000xdfb84f13edb3f45fbe1fd067baff42d4afe5da70a0deee6002630eafcc3dfb48
wstETH;2024-04-17T20:10:40+00:00;gnosis;0.000078298375590797;3196.198246995105;0.2502571308058697;curve;1000x51e5b644d33853fa53cb1684baf33398804368b9c144d9e501443526e3f0bbe9
CRV;2024-04-17T20:10:55+00:00;gnosis;0.6540006186826172;0.40045;0.26189454775145404;curve;1000x3552ff4a9b87da4050b338574c4aa8297755961467b87e32ae384972217b951d
ARB;2024-04-18T08:03:33+00:00;arbitrum one;3.1563072595055957;1.0505;3.3157007761106283;curve;421610xd5ac072ad850e12d493887597eae5f90bb42ea6d6aa1d4b18755c6f3403a078c
ARB;2024-04-19T08:24:40+00:00;arbitrum one;0.6487622637538574;1.0815;0.7016363882497967;curve;421610x36af99e54ab4e6b55bade9cb3ac7c91a2af7b878dbd93e6e1ad70263a6fac40a
ARB;2024-04-19T08:24:53+00:00;arbitrum one;0.322105111626199;1.0815;0.3483566782237342;curve;421610x51d30ce3bc54899e5c0191c097bbc385b42ea2a840214d5e2a4289d176d7e8e6
CRV;2024-04-19T21:30:25+00:00;gnosis;0.973660691222605;0.4115;0.40066137443810196;curve;1000x1cf89f43feafd1c6594b69daba5d37de8f98efb1f1b331df4176ea9f01156ca9
wstETH;2024-04-19T21:30:40+00:00;gnosis;0.000135171376287653;3372.132692140235;0.455815817021184;curve;1000xb18173d950ef145a235057eafbbf0677c8099efcde482dc78c6bb2ceac24f523
ARB;2024-04-23T08:25:40+00:00;arbitrum one;4.458379424404333;1.106;4.930967643391192;curve;421610x8b9527745b81acbc4652f72f0b14be7d2da41a6bf495f013b68618108ecdccf3
crvUSD;2024-04-23T09:58:53+00:00;optimism;1.6277015828528125;0.92535;1.50619365969285;curve;100x85c95546f63844218877e5459bd5affec40bc8c5aa8ffdff4026e4e454f5030c
ARB;2024-04-26T11:14:03+00:00;arbitrum one;1.5733552887381759;0.9991;1.5719392689783116;curve;421610x4287248cdd5b550e7a0b5f833efb9cd67c6963186b0139e0b6d7a2578eef9240
wstETH;2024-04-28T20:38:20+00:00;gnosis;0.001110788096269539;3601.791868168075;4.000827532401522;curve;1000xd8712e9bec9640ca9bcbab0c1677eadabd19ba45c4eea9d68a00340bd67c269e
BAL;2024-04-28T20:38:55+00:00;gnosis;0.3532083467931319;3.746;1.3231184670870721;aura-finance;1000xc54a13a49f00bace5149848fc6721a64eec6d65d6dd319ab9f5c67fdfafc4c62
AURA;2024-04-28T20:38:55+00:00;gnosis;0.41766142376146476;0.655554081408;0.27379965099350445;aura-finance;1000xc54a13a49f00bace5149848fc6721a64eec6d65d6dd319ab9f5c67fdfafc4c62
AURA;2024-04-28T20:38:55+00:00;gnosis;0.360430570851015;0.655554081408;0.2362817317855982;aura-finance;1000xc54a13a49f00bace5149848fc6721a64eec6d65d6dd319ab9f5c67fdfafc4c62
wstETH;2024-04-28T21:06:15+00:00;gnosis;0.00080174428160744;3601.791868168075;2.8877160338439327;curve;1000x0f856f0d0396f0500a2645c18ea766569ebad9cb0c7c0e2736915de6670644f9
ARB;2024-04-29T15:19:20+00:00;arbitrum one;0.8370739429050357;0.9943;0.832302621430477;curve;421610x556f964531c5e78a5421b757d466e5098d2881a4b8c0d142d848e4905b804ce5
ARB;2024-04-29T18:03:46+00:00;arbitrum one;0.31020981305865486;0.97475;0.30237701527892386;curve;421610x2f98006b8a69fce1415b0a411451d8627fbb0a0c051eaa40dca88c0acd7589e8
ARB;2024-04-29T18:04:02+00:00;arbitrum one;0.7018202286685779;0.97475;0.6840992678946963;curve;421610xeba1c2b0b5d15d81a42243acc7dbfba9d0aacf4c3bef488ff5cda904e1d3c571
CRV;2024-04-29T18:04:33+00:00;arbitrum one;0.33528978005123433;0.4005;0.13428355691051935;curve;421610x1612b9483bc921827fb8de4d1e3e276de6976d338fa7d54b1b5f20ed420d4df3
ARB;2024-04-29T18:04:47+00:00;arbitrum one;0.023830769096224502;0.97475;0.023229042176544833;curve;421610x50b412c9b3b1e270024962b0c8ac8133d8dd1d4a348e79c1c4d7a782d395d538
AERO;2024-04-29T21:13:03+00:00;base;10.032467468187093;1.02937173147945;10.327138408739003;aerodrome;84530x6f9d3aa48dedcd3eda1c25c478005f10742b58e1be9ccc7555876cb1c8255403
ARB;2024-05-02T07:21:52+00:00;arbitrum one;0.6186457735298692;0.94175;0.5826096572217543;curve;421610x55fc9d3ac3673c1221b477abad32b6a7ef77d630ea1db66e04c7bacb503ffdc6
ARB;2024-05-02T07:22:03+00:00;arbitrum one;1.114676498365074;0.94175;1.0497465923353086;curve;421610x74c7aa0c01f269397654b5ac2938457447b2753d3d8ac8830a565921d518c038
wstETH;2024-05-02T07:23:50+00:00;gnosis;0.000208558059134859;3176.8279262001;0.6625530664937119;curve;1000x4df845b0938918980931b11b6f5ca4129879f69feae6bf5e8f56ee9d3026f5ac
wstETH;2024-05-02T07:26:00+00:00;gnosis;0.00015890000756502;3176.8279262001;0.5047979815059627;curve;1000xdd08874ec6cedba0bcd9415008cb1a8e96be1be5d01e90160368d4ae53ebc6dc
ARB;2024-05-02T10:03:38+00:00;arbitrum one;1.4435494368961095;0.95695;1.381404633637732;curve;421610x1527b3af99735ff292f37ef84ed8187b9659e9a5af297fb6628241debfc39f0a
wstETH;2024-05-02T18:29:05+00:00;gnosis;0.000434801701004685;3253.14874821206;1.4144746093438654;curve;1000xbf66d512d16087427b6e583617f1c4c3a3dba3b5809255eefb76d9ad1ced9c98
ARB;2024-05-04T08:42:27+00:00;arbitrum one;0.9122329520246772;0.9917;0.9046614185228724;curve;421610x985b0cbf193670e330ee08e1ba0515a814f7bfe9918d642fcd6e367fc58c0f20
ARB;2024-05-04T08:42:39+00:00;arbitrum one;0.42519255876060175;0.9917;0.4216634605228888;curve;421610xb35015caacc16a91873ea6e5ad412fbfbe4fd141ad7295e48fccd457cf189b24
BAL;2024-05-04T08:47:33+00:00;arbitrum one;0.19129585254275974;3.3865;0.6478234046360558;aura-finance;421610x278b0e1538cff0e33a12bd30466070477bc47c586ad1ea77eea74ec773a83e27
AURA;2024-05-04T08:47:33+00:00;arbitrum one;0.20376134925363076;0.619215995664;0.126172286755927;aura-finance;421610x278b0e1538cff0e33a12bd30466070477bc47c586ad1ea77eea74ec773a83e27
AURA;2024-05-04T08:47:33+00:00;arbitrum one;0.18853715326037881;0.619215995664;0.11674522107578163;aura-finance;421610x278b0e1538cff0e33a12bd30466070477bc47c586ad1ea77eea74ec773a83e27
ARB;2024-05-04T08:47:33+00:00;arbitrum one;0.005905414766166439;0.9917;0.005856399823607258;aura-finance;421610x278b0e1538cff0e33a12bd30466070477bc47c586ad1ea77eea74ec773a83e27
BAL;2024-05-04T08:47:33+00:00;arbitrum one;0.31581882864040495;3.3865;1.0695204631907314;aura-finance;421610x278b0e1538cff0e33a12bd30466070477bc47c586ad1ea77eea74ec773a83e27
AURA;2024-05-04T08:47:33+00:00;arbitrum one;0.3363986714196315;0.619215995664;0.2083034382631539;aura-finance;421610x278b0e1538cff0e33a12bd30466070477bc47c586ad1ea77eea74ec773a83e27
AURA;2024-05-04T08:47:33+00:00;arbitrum one;0.45752579596046117;0.619215995664;0.28330729128762105;aura-finance;421610x278b0e1538cff0e33a12bd30466070477bc47c586ad1ea77eea74ec773a83e27
BAL;2024-05-04T08:48:58+00:00;arbitrum one;2.992695908664e-6;3.3865;0.000010134764694690636;aura-finance;421610x64a3302698d8b74b75479c50eb9364b34095d8f9ff0616eaa06df56ac82a58cd
AURA;2024-05-04T08:48:58+00:00;arbitrum one;3.187710283049e-6;0.619215995664;1.9738811968065577e-6;aura-finance;421610x64a3302698d8b74b75479c50eb9364b34095d8f9ff0616eaa06df56ac82a58cd
wstETH;2024-05-04T22:24:15+00:00;gnosis;0.000160037950592896;3370.46738632017;0.5394026930468747;curve;1000xeaa47069690497db13156d5ccf8bd042733d5ebaa68637ade3087142086c9c9c
wstETH;2024-05-07T16:37:50+00:00;gnosis;0.000257295196651904;3318.14327174744;0.8537423256234498;curve;1000x6ef623e89c57d2b3339f48c0ef24604e69d176e1f111fcdbff20bffee139d583
wstETH;2024-05-08T08:05:45+00:00;gnosis;0.000033655572738292;3253.52614811333;0.10949928593376317;curve;1000x489a91e06b91665e7ba6f4a3f248b5c773669486eedb5d7b5b838e51d5b3a0ff
wstETH;2024-05-08T08:06:05+00:00;gnosis;0.000207316590491593;3253.52614811333;0.6745099481021012;curve;1000x3513e84eae4cfc765082d1e2ca4a9d8607e9a4c5cfc849f07da22d416a2e7289
ARB;2024-05-08T08:21:04+00:00;arbitrum one;0.7590925256107116;0.94625;0.7182913023591359;curve;421610x00b8ed34f3f49597fbccbaae3951cbf9f4c37d87595d18e96430cb871b31f780
ARB;2024-05-08T08:21:15+00:00;arbitrum one;0.5164134680766347;0.94625;0.4886562441675155;curve;421610x889ae2e5b2cce2c001f8fcf5cc7a695206f69061d56aed9f4e06d16224c43a41
wstETH;2024-05-11T09:06:40+00:00;gnosis;0.000158904900683809;3148.317193694805;0.5002830309852012;curve;1000x98d41a7b31840fc22492837c9ba0df301da256121e4cea18fcd2a2f15c2ed894
wstETH;2024-05-11T09:07:35+00:00;gnosis;0.000185284739549092;3148.317193694805;0.5833351312516701;curve;1000x815d39762032ccfd519839c5bc3b39dda648d57aa5e20b964a52c90c4322776b
wstETH;2024-05-11T09:07:55+00:00;gnosis;0.000338517810853493;3148.317193694805;1.0657614442819778;curve;1000x3f576f306d0d026d43820db3277ff1d33fb07ef843d0dcd8900d73c518646b68
wstETH;2024-05-12T11:10:55+00:00;gnosis;0.000066108696813905;3166.534003970995;0.20933543641943916;curve;1000x3596901aa3a84024d88fabfd8e72f3c25fcc6a030b3b71895bf7740d71a05aac
ARB;2024-05-12T11:11:33+00:00;arbitrum one;1.7871861859625502;0.93425;1.6696786942355124;curve;421610x8955c578c4c28acd74136e1a5d1c9c36abcc611f55f7d93c5720f04c214a1447
ARB;2024-05-12T11:11:45+00:00;arbitrum one;0.860631403763562;0.93425;0.8040448889661077;curve;421610xc128fb4afab0a052424eb1bd4d7c66e1b2e468b4eeab5297a34c5dfcdb22d101
BAL;2024-05-12T17:27:20+00:00;gnosis;0.057063892136050696;3.206;0.18294683818817853;aura-finance;1000xdd90f05ef7fc812bcad68b257f38aed0575c8f2bc73999fdddacfd1712c86042
AURA;2024-05-12T17:27:20+00:00;gnosis;0.06166420873342706;0.584103894486;0.03601830447159236;aura-finance;1000xdd90f05ef7fc812bcad68b257f38aed0575c8f2bc73999fdddacfd1712c86042
AURA;2024-05-12T17:27:20+00:00;gnosis;0.0782052789502214;0.584103894486;0.04568000800418832;aura-finance;1000xdd90f05ef7fc812bcad68b257f38aed0575c8f2bc73999fdddacfd1712c86042
wstETH;2024-05-14T20:45:25+00:00;gnosis;0.00014600611503608;3118.381779767495;0.4553028088631488;curve;1000xce7cc040fc3f4f63b1fb0f5f9f290fab2fba7900546e9175bc35c34d2332a022
wstETH;2024-05-14T20:45:40+00:00;gnosis;0.000181981694109952;3118.381779767495;0.567488399163696;curve;1000xb8b9c82b3b7aeb82cab6ef81903c8e82a1218d81838649b47462277ce49b174c
CRV;2024-05-14T21:38:30+00:00;gnosis;1.4013490071427248;0.3724;0.5218623702599507;curve;1000xda0e421d541ed44df39f673686f9fcb9dbfd794e609be5a39784d5c6ded914a9
wstETH;2024-05-14T22:03:20+00:00;gnosis;0.000103718529937366;3119.84627753206;0.32358586953618884;curve;1000x79726cebdae67093e8c2e48e5ac9cd9d18f61754ba2fad3d92c0a4c168f68c1c
wstETH;2024-05-15T09:08:55+00:00;gnosis;0.000031764171451377;3134.572777335015;0.09956710712608839;curve;1000x815975b5c2c2f450de9fc3af26b069e0cbbb0f2331debdf3a846d425ad530511
wstETH;2024-05-15T09:11:20+00:00;gnosis;0.000051428184327611;3134.572777335015;0.1612053865810967;curve;1000xa136df224e55e4ad8a3ca77ebc0e81a0fe1a8c9f536014d185604c663ef9b689
ARB;2024-05-15T15:41:53+00:00;arbitrum one;0.3114158041136811;0.914304607273398;0.2847289044788886;curve;421610x83f97fa852d50900e8617245f0f41bdd3fa7d27ee6a656e14ae0558339ce04b1
wstETH;2024-05-18T20:12:00+00:00;gnosis;0.00020983323291453;3344.81971428657;0.7018543341650055;curve;1000x8c9534d916f77ad16d2a17df3030d19bcf56936c1040d575745e085ffdc31384
wstETH;2024-05-18T20:14:05+00:00;gnosis;0.00021520716579018;3344.81971428657;0.7198291707907324;curve;1000x716b290e22b70ebcf4147dbc848171160c8a55302ee8667e50ffe929cfafcd19
wstETH;2024-05-20T09:16:50+00:00;gnosis;0.000081310637907083;3328.85003078511;0.27067091950015015;curve;1000x4c87ce60d7f92fcbb886abf82a2b0b88402bc7f5f819551ce0d712eae781b97b
wstETH;2024-05-20T09:17:35+00:00;gnosis;0.000095750076687423;3328.85003078511;0.3187376457286047;curve;1000x89ceac8a48419b18fee7d85a21eff6eaeb525e0db27a7971786a8975d2f98659
wstETH;2024-05-20T09:24:55+00:00;gnosis;0.000162198921348567;3328.85003078511;0.5399358843244889;curve;1000x5451de72b2963884ed5817c1516852693faf30c38e29506d694fa923a26f82db
wstETH;2024-05-20T22:31:40+00:00;gnosis;0.000029169153011912;3916.3883704532;0.11423773163182209;curve;1000x4fcb1a30d01c0547a3d57746b72435d08c3e623722bd3f2bc5c93ac442ec4df1
wstETH;2024-05-20T22:32:30+00:00;gnosis;0.000016242015520901;3916.3883704532;0.06361004069877706;curve;1000x300deb7def3175737e61d6225d74fe4ae9bb24391b97110154ed5825985f29f3
wstETH;2024-05-22T14:51:00+00:00;gnosis;0.000756810174148732;4037.443184850565;3.055578079842367;curve;1000xf9dde943a64ed23b667f4eab80cb6e444fa2f75d1c27d9b05869d3d831319aba
wstETH;2024-05-22T14:51:20+00:00;gnosis;0.000138725958479614;4037.443184850565;0.56009817562538;curve;1000x3acc0c26da1ad9dc1018acd53df2b3474b702b58a860a378da75c82e3ddbf41b
wstETH;2024-05-22T14:51:35+00:00;gnosis;0.000049881672977302;4037.443184850565;0.20139442061115256;curve;1000xfa5401bf1dd9c6278d30bdff52dcefede58cec12c3e990348bff91e1e86c599e
wstETH;2024-05-23T08:45:50+00:00;gnosis;0.000046364626937006;4112.52406619978;0.19067564409881177;curve;1000x816592a75371cc3458d3befa7408298113b7dc95ae0fe9f8aec767f2677f9701
ARB;2024-05-23T08:46:27+00:00;arbitrum one;0.23333950020019467;1.11445150841899;0.26004555797184015;curve;421610x83e9054ed68b3e6865e1de98705a04bce0fbab142965c041ff8d2615ee7cdfd5
ARB;2024-05-23T08:47:26+00:00;arbitrum one;0.25364173818587626;1.11445150841899;0.28267141771926435;curve;421610x4c7af3978f1f616d93ac145770fdb53fa1ddc433dfacbab4bd60af0a013f68f7
ARB;2024-05-24T10:21:12+00:00;arbitrum one;0.28940609104928827;1.06876369863061;0.3093067242760644;curve;421610xe5058a3519a0902fd976db85cfc6f82736196fdcf0988f90a1de8c3c98e9e675
wstETH;2024-05-25T09:33:55+00:00;gnosis;0.000141620426963214;4046.03515529269;0.5730012262007246;curve;1000x13871ae3312fe3ab862f52338d0539dc1cd76bdc7302ad7216f35106dc81ffda
ARB;2024-05-25T09:34:37+00:00;arbitrum one;0.21584064053165178;1.09838959631259;0.23707711402141185;curve;421610xf92f7e668cb1ad6d89964b5d90a9b96876651c449e07c11aaeb7fa1ee9a457bc
wstETH;2024-05-25T09:38:35+00:00;gnosis;0.00043182189308001;4046.03515529269;1.7471665602267616;curve;1000xb110435f77c18e54b398070ba2833c44cb5c1d73d2fc014a3cdc274ce63f4106
wstETH;2024-05-25T18:19:15+00:00;gnosis;0.000031103794905352;4028.649234870195;0.1253062795470058;curve;1000xac2230cb5207a2e6de2843d3ad2e19b9c9904c5f664b0af6dd970e64e3c2bdb3
wstETH;2024-05-26T09:22:50+00:00;gnosis;0.000053725005376003;4085.1538957217;0.21947491500944794;curve;1000xbd748a511622b9728d133f7773aa0546bfcc5e12cbe5d1b15d992e7a68cbf04c
wstETH;2024-05-26T09:23:20+00:00;gnosis;0.000320535955693201;4085.1538957217;1.3094387081189582;curve;1000xc6c88b4ca44212376444d481613ffb4f49dfcb714ff262ee4758dea82ae91a44
ARB;2024-05-26T09:26:13+00:00;arbitrum one;0.21508514899071474;1.10110663714384;0.2368316851047477;curve;421610xd6ea48d0861148ce9ed91460d5c66559d5856486e77cba6d249a3e1e33c0534d
wstETH;2024-05-26T09:28:30+00:00;gnosis;0.000194447546985582;4085.1538957217;0.7943481540816786;curve;1000x09fe77cbc2f9af4ff474299cc6f097ad2ba4333f7b8fa7bc6d43375546ed29eb
wstETH;2024-05-27T08:00:55+00:00;gnosis;0.00018402575053069;4221.714564643515;0.776904191284868;curve;1000xfc29fcba5fec5f3f7a6afdeffbb631a30a43479df98ab515500c9a7a55e1081f
wstETH;2024-05-27T08:01:50+00:00;gnosis;0.000080884575807209;4221.714564643515;0.3414715917403067;curve;1000x5a4b2e858fdfaa3819e556d7130ed81277524b01e45721c7f671895a27998473
wstETH;2024-05-27T08:03:05+00:00;gnosis;7.439615998e-8;4221.714564643515;0.000314079352141115;curve;1000x30b767a2439f52b9407064384ababba38de400c70a3a589a809de5f53c616cc8
wstETH;2024-05-27T08:06:10+00:00;gnosis;0.000068593603995693;4221.714564643515;0.28958261703000676;curve;1000xd88aaf24cd64280a5776ac666b30a98edd48ab0f6e3224bab5dd39c507b740f2
BAL;2024-05-27T17:56:50+00:00;gnosis;0.47280771730162474;3.7885;1.7912320369972052;aura-finance;1000x255a75ae84f8d314df1d712212fa532daf566173934fc7131b13feec807e0816
AURA;2024-05-27T17:56:50+00:00;gnosis;0.7392475147591151;0.8745215364;0.646487872387023;aura-finance;1000x255a75ae84f8d314df1d712212fa532daf566173934fc7131b13feec807e0816
AURA;2024-05-27T17:56:50+00:00;gnosis;0.5361540554890027;0.8745215364;0.4688782683533335;aura-finance;1000x255a75ae84f8d314df1d712212fa532daf566173934fc7131b13feec807e0816
wstETH;2024-05-27T18:00:15+00:00;gnosis;0.000185450588734636;4231.02379331315;0.7846458534201766;curve;1000x9c77884c61e6e2a3beb3233ea116bc82725d928983f5a0a5da8bb313097fbd59
ARB;2024-05-27T18:00:51+00:00;arbitrum one;1.1186336022249346;1.13385194644218;1.2683648872383695;curve;421610x15d75839b56ec23951a255e9e6b0f014c6cdad3bfdddd10d488527d4313b565c
ARB;2024-05-27T20:49:41+00:00;arbitrum one;0.30401556809357744;1.13385194644218;0.3447086436316279;curve;421610x5609f632359afc7ee1ebff901d8bf59d23c760988dd0dff2420d04a9f8f6b5ad
ARB;2024-05-27T20:49:53+00:00;arbitrum one;0.06998336781684772;1.13385194644218;0.0793507778177118;curve;421610x3596d5fa68f87fc334ea73d6ed37cf248aeae0f77246525d0a49240581fe5455
wstETH;2024-05-29T16:04:30+00:00;gnosis;0.000164175783040865;4053.82694673327;0.6655402132920936;curve;1000x3804f6d3d6c171505c42c89e11450190469d2eb5c70f28b2377af640f1a8ec32
wstETH;2024-05-30T10:01:00+00:00;gnosis;0.000585015355595647;4024.57384576674;2.35443749950217;curve;1000x2462b9e45e6311ade2c72023e52ac664cc9b37b8991e94a15b3d2fb240017c00
wstETH;2024-05-30T10:24:50+00:00;gnosis;0.000260797240174214;4024.57384576674;1.0495977518532886;curve;1000x6468c39ecb5167b861f3ac368b4823da77dd10f517e7bc8f54fe965e09707113
wstETH;2024-05-31T10:30:30+00:00;gnosis;0.000240247202602054;4084.16249741716;0.9812086149766913;curve;1000x358bc78ea7a6ab3097985df704268bbe98a71e34011848951f91b401c3768e91
wstETH;2024-06-01T21:10:40+00:00;gnosis;0.000342434842404332;4092.6120085285;1.4014529481625335;curve;1000xb2458e31f1c6aba6511722413083ff36fc71f2c708fc35a68b48ca40155caf74
ARB;2024-06-03T13:30:11+00:00;arbitrum one;1.2551373182819343;1.01384503585335;1.2725147394544252;curve;421610x20403e87cdca3b28f779236a842e935ba1329627a3a25a581033af2628e4958e
ARB;2024-06-04T17:43:39+00:00;arbitrum one;0.21969400737694747;1.01817361172415;0.22368664096513866;curve;421610x741f8f57ed8f9ccf8e78f20c5682b28c1406d3122b08592bf60ff333e9e40f2f
wstETH;2024-06-05T17:34:30+00:00;gnosis;0.000970526641510808;4133.47914492676;4.011651632280735;curve;1000x106261c6d0a9497e8f65d3a47935dc5e68080948496f083837fa6a95c909a938
wstETH;2024-06-05T17:34:40+00:00;gnosis;0.000912143114744048;4133.47914492676;3.770324541983059;curve;1000x48cc7ffc70e9749494bcc77a952963e1934227ec61fc0b14ecab17d101926017
wstETH;2024-06-07T07:22:40+00:00;gnosis;0.000223608932402942;4095.591596175615;0.9158108643792904;curve;1000x6e0802651f79a658ec0423de740b3ecbf09bbcf50c52293d34ba877c60f00ae3
wstETH;2024-06-07T20:19:05+00:00;gnosis;0.000521278590492464;3986.149392678535;2.077894336907858;curve;1000x51e1515a8b0ec58bfd9db55eccd29bd9e8f11300ae2652f04af8191dfb1e72da
wstETH;2024-06-08T10:44:35+00:00;gnosis;0.00015367579979948;3986.907609849075;0.6126912156701898;curve;1000x833cedb59bf87507bb92178203b17a5da3d05d333a7f904301b12599982e8c5f
wstETH;2024-06-08T10:58:30+00:00;gnosis;0.000688752990121981;3986.907609849075;2.745994537623631;curve;1000xc9f95e82ea648dbdbaeed80505ea05ed54c398f33e250958016822a770588120
ARB;2024-06-09T09:32:44+00:00;arbitrum one;2.664942663852493;0.909649645502166;2.424164149457018;curve;421610xec8b1bbfff58eaaaebda51934e8c765716d014bfa92e8689430bf569ae4fdbfb
wstETH;2024-06-09T16:24:10+00:00;gnosis;0.000366394195710422;3988.7565908896;1.4614572630036398;curve;1000xbe12c6f868e2b057d5e4b3ae1c1ec644ceb6f20c58c8c49842ae524e03a91e4a
ARB;2024-06-11T08:15:33+00:00;arbitrum one;1.2194257118562435;0.874261433343124;1.0660968707028988;curve;421610x4840995a49a6c79767ac02b6fb66d4bd6d83ddb1cb3cc17896b54495a19b1bd0
wstETH;2024-06-13T08:05:00+00:00;gnosis;0.001102042770186486;3793.14705578335;4.180210289080196;curve;1000x5c11155e5c8fbc3eb43fae285c909bbfcabe24cf35ee70ef759cb91c930d6b1c
wstETH;2024-06-13T08:05:20+00:00;gnosis;0.000670502028204551;3793.14705578335;2.5433127941808573;curve;1000xa0638e684ad2a1f756ce945f10593420574f09a191c5f60977e07a75b1ed5b0f
ARB;2024-06-13T08:08:33+00:00;arbitrum one;0.34267543497722275;0.873019938563461;0.2991624871910223;curve;421610x3f093fd72da28a0c1147e23bba3f278cba1f6aed3f1af2fd18aede35ae80630e
wstETH;2024-06-14T09:48:30+00:00;gnosis;0.000324512712472495;3843.199905486685;1.2471672259035205;curve;1000xab333f51d879eb2127635f95aee7dc773e45d66252728d9ac97a6470475b5f6b
wstETH;2024-06-14T09:48:50+00:00;gnosis;0.000131830064002731;3843.199905486685;0.5066492895155994;curve;1000x883e847b129a19851845e75ae0f642cbb46b9d47a40efd333ce44788081d0ec4
wstETH;2024-06-16T10:58:00+00:00;gnosis;0.000836726295612898;3886.147370342345;3.2516416933923553;curve;1000xc3419c2df9f4532a1ab2b6ebbdac2f501a052f3793b9386cf367978452b91b9f
wstETH;2024-06-17T12:59:50+00:00;gnosis;0.000290219817314004;3835.7216898775;1.1132024481036107;curve;1000xfe467739631df6519138fa1c27904cc847fc34acd1281445f2b09c90ea6a3700
wstETH;2024-06-17T13:01:10+00:00;gnosis;0.000381823131490892;3835.7216898775;1.464567267156563;curve;1000x484232bf8b57aedfe9bcf324cf1bbe5da47b534813106cd80142475c3b05aa37
wstETH;2024-06-19T09:29:35+00:00;gnosis;0.000496373042127479;3847.692490404615;1.9098908266331946;curve;1000x2e614c48f11dfb5c54ecc7c03d0764201ad22f31731393139061c9e9fee2b460
wstETH;2024-06-19T09:29:55+00:00;gnosis;0.000226925272301835;3847.692490404615;0.8731386661187929;curve;1000xb83bd1bf27ce8655279987844f89670d0e5c796a111d97cbb87d44bdee95edea
wstETH;2024-06-19T09:30:20+00:00;gnosis;0.000675416524389787;3856.441318845465;2.6047041920877705;curve;1000x6bfc504e5e5f6d0eca6f715b38aa65bd4d0ca36ba097667adc80b1c009b5d865
wstETH;2024-06-20T08:34:40+00:00;gnosis;0.000259862303710539;3913.515787614205;1.0169752281769917;curve;1000x890071f1c779fc3f1c549cf062f45843f32a2669792ad1f7101426215362ccaf
wstETH;2024-06-20T08:35:15+00:00;gnosis;0.000118866772164852;3913.515787614205;0.465186989489889;curve;1000xce121138f4c61a719326535d6f2aa39a519858bb51c1cadf5f5fd8d0c45fab7a
wstETH;2024-06-20T08:35:40+00:00;gnosis;3.5854971189e-8;3913.515787614205;0.00014031899581260396;curve;1000xb4705bcb0b3dffb18099db40cdd6010758dc55010bb7feede356c3246d2764d4
wstETH;2024-06-21T10:17:05+00:00;gnosis;0.000324234262530393;3843.903330941795;1.246325161746034;curve;1000x41ddb945f09f0bffce4df54bc5d5ca62f042c7703de0dc26acaf922491775f02
wstETH;2024-06-21T20:36:55+00:00;gnosis;0.000343098081675304;3843.756827540235;1.318785593955407;curve;1000xdadf0c2ed9359e88498ab5e16b9e78090fbc601267635b15774ffec1199cad1a
wstETH;2024-06-21T20:37:30+00:00;gnosis;0.000209066289798301;3843.756827540235;0.8035999788207249;curve;1000x7c9f3df8f6f9fc9c2173c21340bab3f4211299c64a4c4dc9b9453c7d9dfe4eb8
wstETH;2024-06-24T08:15:50+00:00;gnosis;0.000537749061096636;3686.743279071145;1.9825427368248414;curve;1000xf4d25415408c65544e4f1f7a5749438e3b9441a9042cce96dbc5eab8b22d6b32
wstETH;2024-06-24T08:16:40+00:00;gnosis;0.00035098937555604;3686.743279071145;1.2940077213566086;curve;1000xf79528280fa58e56c39e03831e60f686d720678579a8097ef8002542e6972e81
wstETH;2024-06-26T07:01:55+00:00;gnosis;0.000195787722325987;3714.75198401008;0.7273028299552748;curve;1000x4c7e39149972dbbcff81e6e9f3902d3914899551039b6c3dbec67a88a5c3f998
wstETH;2024-06-26T07:09:20+00:00;gnosis;0.000275742736388245;3714.75198401008;1.0243158770746017;curve;1000xb1416c7431dd77a81ae240c5844b20a8267fb6b430293a902abca57f074a9c36
wstETH;2024-06-27T08:19:25+00:00;gnosis;0.000283391774919869;3689.8906165337;1.045684651079655;curve;1000xa5bf53ccd97b8ff4088644bbc4451d673ceca88484e3ef3e653b8fb2678fe102
wstETH;2024-06-27T08:19:40+00:00;gnosis;0.000148438583603529;3689.8906165337;0.5477221367702148;curve;1000x0ce88b1f3b97012ade368fc59cf186a6d466acebf40710bd9edd4da8173d04ce
wstETH;2024-06-27T08:19:45+00:00;gnosis;0.000375527176860684;3689.8906165337;1.385654206151629;curve;1000xeb6e0693796f98b3416b460f850af4b9b04e81814acd4725ecb33c489b456df0
wstETH;2024-06-28T08:56:10+00:00;gnosis;0.000144953997656677;3757.70190859195;0.5446939136525282;curve;1000xa207ea69fc982d654dd42670afb256ed2fb2d32b7da734ce2a0250f1b752045b
EURe;2024-06-28T15:32:00+00:00;gnosis;10.0;1.0;10.0;gnosis_pay;1000xbd23e9e3a3a05692b3c476ed36beba7319c48e5a9f788988ad0f035000934879
wstETH;2024-06-29T18:02:15+00:00;gnosis;0.000300246675577929;3694.55984919071;1.1092793124432054;curve;1000x70ec7b0f1edba46b2a1758b6833732e49b9bdbda2ad9c8b87d68551bba2f9148
wstETH;2024-06-30T15:35:50+00:00;gnosis;0.000322314905296615;3706.599059422395;1.1946921248102516;curve;1000xa99e160ac6c27f84e0b5b64166c7b17c4d594a30c5bf177891a707ceef82d81b
wstETH;2024-06-30T15:36:05+00:00;gnosis;0.000112268777858249;3706.599059422395;0.41613534641188754;curve;1000x3da699b08bf6933d030834d7973dce146e441e9672dc1410af92346a15c686ea
wstETH;2024-06-30T15:36:10+00:00;gnosis;0.000170275642693748;3706.599059422395;0.6311435370511902;curve;1000x519a84ae2e53edd3aa8782b5c4252717e4413b897e0678322ee2548b75932089
wstETH;2024-07-02T09:43:20+00:00;gnosis;0.000219117066011353;3763.088385692915;0.8245568862144302;curve;1000x644ec86bff5570684a8c074347fa9f46e55641b25079798006836eb63f7ffbfa
wstETH;2024-07-02T09:43:30+00:00;gnosis;0.000248429880333523;3763.088385692915;0.9348635973421611;curve;1000x5b815982ce7d1a697629c5a0c902b1ffd8ed8f8def23b2e35787cfeadf3578ed
wstETH;2024-07-05T08:37:45+00:00;gnosis;0.000242654626436265;3081.292006183835;0.747689760701588;curve;1000xe823acfa35a39ed7be9518c36471b24d76fc99dd5ba1873d234ce13e1081a7b3
wstETH;2024-07-05T08:37:55+00:00;gnosis;0.000369240048958428;3081.292006183835;1.137736411218532;curve;1000x90dc54744300cff32b00da621c88bac9e55b6faf33e99461d166937003b37557
wstETH;2024-07-05T08:39:00+00:00;gnosis;0.000217227001010187;3081.292006183835;0.6693398217399771;curve;1000xe423b7cb13e9cb8735ff130ebf82160b62646a3c928e87ca4773f52ca7bb53b5
wstETH;2024-07-06T07:42:10+00:00;gnosis;0.000297990987908847;3246.58429472579;0.9674528613146854;curve;1000xa78dc178dcb5e50fafadbdb529a26a3fb03ecdc721d61c59fb168ee209ad20f0
wstETH;2024-07-07T14:44:50+00:00;gnosis;0.000281884048032649;3204.235570863425;0.9032228935651881;curve;1000x3f82b98108ab113f3d393c196358207806fa83c51bddb2efd0008fc9bb77af3a
wstETH;2024-07-07T21:24:40+00:00;gnosis;0.000555629111141398;3219.683599528555;1.7889499365625878;curve;1000x6ad899508c8413e9802f31d21302caddde61e1130e822a7f9b627e79ffdd699e
wstETH;2024-07-08T21:18:50+00:00;gnosis;0.000218370009051418;3258.32964171823;0.7115214733545134;curve;1000x32b5498e4742a3b162d0bc3ded161ac1499b9925a3c4577d931673f36bc3a57a
wstETH;2024-07-09T21:12:35+00:00;gnosis;0.000218372683103708;3323.03271174653;0.7256595693054805;curve;1000xe2497109d767e74cf45e19f38aadbb167b6da878bb8b3a3a3a05c4f9984e2c96
wstETH;2024-07-11T08:51:25+00:00;gnosis;0.000324011980515614;3386.28103858969;1.0971956258959157;curve;1000x56b6ccc6d533d456ffdd0f64d37f56a755700774c66dc4f76146fe62f041eed3
wstETH;2024-07-13T12:31:30+00:00;gnosis;0.000264759471567876;3389.08182570811;0.8972915132747716;curve;1000x64c4c3fda882e0e470ee5fafe2d539e47a225303a0d35bf32d864aac7a5b2405
wstETH;2024-07-15T07:17:05+00:00;gnosis;0.000383961618334608;3584.3623402743;1.3762575648693431;curve;1000xca874a2f282babf30102042371f32fa56d90718875107830f917a69e00aace53
BAL;2024-07-15T07:18:25+00:00;gnosis;0.12418139435950584;2.47462029890936;0.3073017992289015;aura-finance;1000x4a9d466625cede85b09721c782d1b719275f1a6962ea0015f2f878bb5c700294
AURA;2024-07-15T07:18:25+00:00;gnosis;0.13290117573847432;0.622438657768861;0.08272282944255947;aura-finance;1000x4a9d466625cede85b09721c782d1b719275f1a6962ea0015f2f878bb5c700294
AURA;2024-07-15T07:18:25+00:00;gnosis;0.13997196541739787;0.622438657768861;0.08712396227967456;aura-finance;1000x4a9d466625cede85b09721c782d1b719275f1a6962ea0015f2f878bb5c700294
wstETH;2024-07-15T08:13:45+00:00;gnosis;0.000462891890094473;3580.96623391473;1.657600228381276;curve;1000xdd45ef7492b3cb55c172c316777fd6ae6231729e4eb8b9545bf7b31cf1bb69f0
wstETH;2024-07-15T08:14:00+00:00;gnosis;0.000840440741947072;3580.96623391473;3.009589918518708;curve;1000xcd2183c06e21c90826a391ed556bdee0c2c0ae9d31cb506ca8b9deef47fe80ac
wstETH;2024-07-16T10:29:40+00:00;gnosis;0.000244311948323179;3662.467535885115;0.8947845793624849;curve;1000xe797de0679d4a861201216f326069a8091932e04a89c26f7b899bf829604ffd6
BAL;2024-07-16T10:30:45+00:00;gnosis;0.06756753215428409;2.42954875709308;0.16415861376528762;aura-finance;1000xc95298862d6a4e5149828a3fbf862bf77705a0d022589f3819316c461320dd80
AURA;2024-07-16T10:30:45+00:00;gnosis;0.07073670568754883;0.591362247678976;0.04183101726879509;aura-finance;1000xc95298862d6a4e5149828a3fbf862bf77705a0d022589f3819316c461320dd80
AURA;2024-07-16T10:30:45+00:00;gnosis;0.07038562494338657;0.591362247678976;0.041623401370810484;aura-finance;1000xc95298862d6a4e5149828a3fbf862bf77705a0d022589f3819316c461320dd80
BAL;2024-07-17T08:22:10+00:00;gnosis;0.05857452560115363;2.417;0.14157462837798832;aura-finance;1000x00ca116009a135fda12fc7576d75eb027e8d711b9b4cd7d86c539cc214aaea5e
AURA;2024-07-17T08:22:10+00:00;gnosis;0.060245024868405835;0.600642703504823;0.03618573460967457;aura-finance;1000x00ca116009a135fda12fc7576d75eb027e8d711b9b4cd7d86c539cc214aaea5e
AURA;2024-07-17T08:22:10+00:00;gnosis;0.05965663464774175;0.600642703504823;0.0358323223168191;aura-finance;1000x00ca116009a135fda12fc7576d75eb027e8d711b9b4cd7d86c539cc214aaea5e
BAL;2024-07-18T08:56:50+00:00;gnosis;0.06557758552863362;2.4615;0.16141922677873166;aura-finance;1000x5f69cb6d420cee05cd3ca628cc35ff0d0309cf148eac4b3213cd92502b396284
AURA;2024-07-18T08:56:50+00:00;gnosis;0.06631306754489277;0.602793249191166;0.03997306944921917;aura-finance;1000x5f69cb6d420cee05cd3ca628cc35ff0d0309cf148eac4b3213cd92502b396284
AURA;2024-07-18T08:56:50+00:00;gnosis;0.06446993358403712;0.602793249191166;0.03886204074026041;aura-finance;1000x5f69cb6d420cee05cd3ca628cc35ff0d0309cf148eac4b3213cd92502b396284
wstETH;2024-07-19T08:09:50+00:00;gnosis;0.000733515292626597;3654.65014970506;2.6807417740087436;curve;1000x9da7d65d1ab2923a75fd9152b801858b6b5dc74d88a40657a4108f31d99eeb0f
wstETH;2024-07-19T08:17:15+00:00;gnosis;0.000550734174246592;3654.65014970506;2.012740732358;curve;1000x7eb0a52f22f3f13cdb5c7011329da99aea878a976921f781b758d566b7e8d97d
wstETH;2024-07-22T08:21:30+00:00;gnosis;0.000834549440989108;3751.20740546888;3.130568043268256;curve;1000xb95e55a99207df8727dc45adcde336db17802db1eb4fdfa425ecd90c43cd8cf4
wstETH;2024-07-23T08:31:00+00:00;gnosis;0.00048695880449749;3807.329806154185;1.8540127707325023;curve;1000x008b85b8b3e8ecc8e59c80c01745cb0efc5ede55f3dea344089aec17d02f3f9f
BAL;2024-07-23T08:31:10+00:00;gnosis;0.2604151744531972;2.451;0.6382775925847862;aura-finance;1000x0136317263155aa1d66a9c1da2bae030e8e142da190a352ff30d7473d082026e
AURA;2024-07-23T08:31:10+00:00;gnosis;0.2432524862560171;0.65;0.15811411606641113;aura-finance;1000x0136317263155aa1d66a9c1da2bae030e8e142da190a352ff30d7473d082026e
AURA;2024-07-23T08:31:10+00:00;gnosis;0.25646003129469336;0.65;0.1666990203415507;aura-finance;1000x0136317263155aa1d66a9c1da2bae030e8e142da190a352ff30d7473d082026e
wstETH;2024-07-24T14:25:45+00:00;gnosis;0.000824247309506556;3726.014750145635;3.0711576329892822;curve;1000x9038ce23de66bca25607ea490f0454ee09d807e464ea2d770404e8a6a82d2f1f
wstETH;2024-07-25T08:44:55+00:00;gnosis;0.000833059606763711;3429.64421302908;2.8570980594454425;curve;1000x963d0aaecc594ef7a3f8d0d5e6592968d35137efeba44ea6e7bd8927af1e2863
wstETH;2024-07-26T08:08:45+00:00;gnosis;0.000255577279835943;3518.40319772503;0.8992239186406467;curve;1000x50530afa1575b48a8939009612777f46f7954cfb46d0fc02d1931c87516ea1ad
wstETH;2024-07-26T16:14:00+00:00;gnosis;0.000322913112465036;3516.238451306725;1.1354395024806925;curve;1000x1d679681d0925fd3f0b964c8ba9d1d0c51bc762ab0ded65379b9832573d6dc62
wstETH;2024-07-29T07:47:40+00:00;gnosis;0.000633669506622701;3650.17543570001;2.313004867426328;curve;1000x2a6dd36777765f8af1b36e9612b7461137e9d4679ce152e8eab6a9cccbef3155
wstETH;2024-07-29T08:18:25+00:00;gnosis;0.000406859319323692;3650.17543570001;1.485107893180967;curve;1000x9a4ae4fcc0a3970da7a37382922abd497eb1c38097da78e5c71d6d6f57f9b47d
BAL;2024-07-30T16:17:50+00:00;gnosis;0.3502911493177374;2.323;0.813726339865104;aura-finance;1000xa60be679f97a2363ceb2f5f113f5ebabda8d234f6c91710bd246aaa530869895
AURA;2024-07-30T16:17:50+00:00;gnosis;0.437219014686829;0.6341;0.2772405772129183;aura-finance;1000xa60be679f97a2363ceb2f5f113f5ebabda8d234f6c91710bd246aaa530869895
AURA;2024-07-30T16:17:50+00:00;gnosis;0.41414113411085635;0.6341;0.26260689313969404;aura-finance;1000xa60be679f97a2363ceb2f5f113f5ebabda8d234f6c91710bd246aaa530869895
wstETH;2024-07-30T16:26:40+00:00;gnosis;0.000324701360041403;3602.20268275606;1.1696401102356833;curve;1000x0891bfc7a4a7b32ddb944f9c2a33d3a14efd6a62f7c5e3004e84110d624d39cd
BAL;2024-07-30T17:11:25+00:00;gnosis;0.11984411741780857;2.3095;0.2767799891764289;aura-finance;1000xaca0177d56822b0016533db445d5e97a3977d10cd22dc5aa5e0c934bf26390cd
AURA;2024-07-30T17:11:25+00:00;gnosis;0.14945330273351867;0.6335;0.09467866728168407;aura-finance;1000xaca0177d56822b0016533db445d5e97a3977d10cd22dc5aa5e0c934bf26390cd
AURA;2024-07-30T17:11:25+00:00;gnosis;0.16331737843854024;0.6335;0.10346155924081525;aura-finance;1000xaca0177d56822b0016533db445d5e97a3977d10cd22dc5aa5e0c934bf26390cd
wstETH;2024-08-01T09:05:00+00:00;gnosis;0.000408863758585063;3468.02948776549;1.417951571251629;curve;1000x4c699ffeb037ad89c3b2accf937008902bb878883e4406c81dce73f80ec6310a
wstETH;2024-08-01T09:05:25+00:00;gnosis;0.000403548706291413;3468.02948776549;1.3995188131682352;curve;1000xf91e6b8561df435d31ed27983040c293f9d0533f7b3e2d7dde18a27cbffe7a82
wstETH;2024-08-02T15:59:05+00:00;gnosis;0.00030686733861063;3262.899054308985;1.0012771489509398;curve;1000x55eb891f9edfc16a8e4b63b361fa9a18cb75946f8a39ebb166d879f043f945df
wstETH;2024-08-04T09:58:15+00:00;gnosis;0.000417793666693088;3130.373363052855;1.3078501654682255;curve;1000x0e86e729d3d77686d75cb4672ec32d68aa817e503e37df0ac742af20f134152a
wstETH;2024-08-04T18:04:40+00:00;gnosis;0.000709839944081527;2919.57573722172;2.0724314780512487;curve;1000x43655f9eec812c56d6a79f93ec8c4d6b0354660d9a118e3c17ade3bd11f068b4
wstETH;2024-08-06T08:35:50+00:00;gnosis;0.000465401562407885;2642.372955964215;1.2297645021700871;curve;1000xdd9f0f42e23643b8a0e5e1d9fdef51952cc1ecca844013bcf6a895867e840423
wstETH;2024-08-06T11:19:50+00:00;gnosis;0.000688423478011443;2646.644066314465;1.8220119131905521;curve;1000x70d9715b2eed81780c2f38e3b7aa58a783a500f5c9e3674c158188af11260566
wstETH;2024-08-08T15:10:00+00:00;gnosis;0.000518453348229304;2689.18194430471;1.3942153830225665;curve;1000xca58e047d98c95a4795df3d39420bafb84cdd3513d9f079343a159ff391ec1e8
wstETH;2024-08-12T15:12:00+00:00;gnosis;0.000277702650518333;2882.685864292965;0.8005295051258879;curve;1000x1c2ed9b91109b7a6f63a37adf07597519525fb07e6abd9249dca3773e1e67275
BAL;2024-08-14T12:30:40+00:00;gnosis;0.6651609361742219;1.754;1.166692282049585;aura-finance;1000x083533fda1674281896c7f13bdc23256f2aa66579ec92ba2b5d3e2a131b652c7
AURA;2024-08-14T12:30:40+00:00;gnosis;0.6519377154280842;0.5117;0.33359652898455067;aura-finance;1000x083533fda1674281896c7f13bdc23256f2aa66579ec92ba2b5d3e2a131b652c7
AURA;2024-08-14T12:30:40+00:00;gnosis;1.264510199548849;0.5117;0.6470498691091461;aura-finance;1000x083533fda1674281896c7f13bdc23256f2aa66579ec92ba2b5d3e2a131b652c7
VELO;2024-08-14T12:32:09+00:00;optimism;21.659055070458297;0.062245;1.3481678828606767;velodrome;100x8269759ee77532f282a1f53009a5f38acbf7fb3a9132a36c95cb3006444a561c
wstETH;2024-08-15T07:44:45+00:00;gnosis;0.000782276692755493;2790.590695723885;2.183014060285131;curve;1000xc7a37c1a4f50ec70ab68d9aa5c72feb9c48dea4e4b8767fa8b54ccd42e786c36
wstETH;2024-08-15T07:47:30+00:00;gnosis;0.000415248485481976;2790.590695723885;1.158788559999437;curve;1000xfbb897fcbfdfef15b470f002e2105982553cd4c28da3108489aae4aa745ef1ef
BAL;2024-08-17T11:35:10+00:00;gnosis;0.540175419449223;1.7065;0.9218093532900989;aura-finance;1000x88a49fc83ae71adae4e01df6fc4f10cc12ccdd9fd8c6f8913760655581495c5c
AURA;2024-08-17T11:35:10+00:00;gnosis;0.5036562628803136;0.50615;0.25492561745687076;aura-finance;1000x88a49fc83ae71adae4e01df6fc4f10cc12ccdd9fd8c6f8913760655581495c5c
AURA;2024-08-17T11:35:10+00:00;gnosis;0.28791230927746314;0.50615;0.14572681534078796;aura-finance;1000x88a49fc83ae71adae4e01df6fc4f10cc12ccdd9fd8c6f8913760655581495c5c
wstETH;2024-08-17T11:38:55+00:00;gnosis;0.000657109819892855;2773.187855179945;1.8222889720463464;curve;1000x99dfffef78f08c5c3613991f7f5916936a1e2a8f494625792c2086795f2143c3
wstETH;2024-08-18T10:03:40+00:00;gnosis;0.001666993162805993;2645.23800067961;4.409593661127505;curve;1000x40970f50674229ff063e12645d2d7b63722b666f439ec611c1d1acdaf251e651
wstETH;2024-08-20T08:07:40+00:00;gnosis;0.001023792472203828;2837.96132846254;2.9054834444855238;curve;1000x5414c29ddb87aa675cc4e7d5c9fb6de2b2e01a614809778f19575ba608f32bf0
wstETH;2024-08-20T08:14:25+00:00;gnosis;0.000877878196288698;2837.96132846254;2.4913843721677718;curve;1000x202ff05de796cc5f40544cf45f37c9780843ed02e779c5986a965aef920a2218
wstETH;2024-08-21T08:18:45+00:00;gnosis;0.00212398245934223;2745.95904046456;5.832368836018946;curve;1000xebd47f5c766803bea61a328865d7df57526e66f51a96ef43014bf5c3d649836c
wstETH;2024-08-24T12:09:55+00:00;gnosis;0.001590320096002709;2898.84268987873;4.610087784864693;curve;1000xcac88d39b1596209bbc08028fefc7db437bafd61143e84cab0afd1257dffe0ba
wstETH;2024-08-26T12:53:50+00:00;gnosis;0.001187570844042274;2874.49223410915;3.413663168653965;curve;1000x7b5f43475ed2436e644f5d828b750d9fc573f5fd9862b367f8ba73e813965fbe
wstETH;2024-08-27T13:02:10+00:00;gnosis;0.001049441058120544;2756.62328598238;2.89291365808108;curve;1000x15b78419c9829c355a049d940fc4f0a91ccf15b55cd84f149e145bc66b366ba9
wstETH;2024-08-28T13:54:30+00:00;gnosis;0.000272342599857849;2656.10466889438;0.7233704510212666;curve;1000xc12c65d7c9dac6fd4e568e31359a40e3df3ea9b9698659076f74dbefd22c270a
wstETH;2024-08-29T18:06:10+00:00;gnosis;0.000764640847464168;2705.983210395365;2.069105295220522;curve;1000xe1871fada0097abe0a3d4866612cb1ff3369bb13b78ae5413731575bb310fed4
wstETH;2024-08-30T07:30:35+00:00;gnosis;0.000231598595734598;2678.000813425315;0.6202212277654141;curve;1000xce843f8fdb384229876667a3943041c008d43b71dc0e80619fec104f527e04e1
wstETH;2024-09-01T13:32:55+00:00;gnosis;0.000819898039294516;2619.464820657015;2.1476940704576477;curve;1000xfa10abf2775551ad144e73b389318f1fe02b5f005816bb79bacab249b3441101
wstETH;2024-09-01T13:36:35+00:00;gnosis;0.000975754877197085;2619.464820657015;2.55595557440227;curve;1000x7c17ca5c1a42cbbcf24cebe78563d136bfcc73f23a8e4ff9d457ec5f1cee2c2d
CRV;2024-09-01T14:24:25+00:00;base;2.194173637650074;0.240578781718711;0.5278716206251672;curve;84530xaa1964eca7e5bfc1b6aa72f1d54222484c3b09fc5017932300a40c0fb7ba155d
BAL;2024-09-01T18:52:20+00:00;gnosis;1.057460257775214;1.60748491368975;1.6998514112001304;aura-finance;1000x900101ea12d3e0f23e4550cd2eda03122b41488280ae68f8aea070571209f355
AURA;2024-09-01T18:52:20+00:00;gnosis;1.155938575518976;0.45305;0.5236979716388721;aura-finance;1000x900101ea12d3e0f23e4550cd2eda03122b41488280ae68f8aea070571209f355
AURA;2024-09-01T18:52:20+00:00;gnosis;0.8706267638162062;0.45305;0.3944374553469322;aura-finance;1000x900101ea12d3e0f23e4550cd2eda03122b41488280ae68f8aea070571209f355
BAL;2024-09-03T15:52:30+00:00;gnosis;0.12220124186988059;1.67209159186247;0.20433166904577935;aura-finance;1000x05ec76358e6658250934ddcda11c08dd3498ffe3102ed53f1ee73a4c6e7924c5
AURA;2024-09-03T15:52:30+00:00;gnosis;0.13193974640638417;0.4537;0.05986106294457649;aura-finance;1000x05ec76358e6658250934ddcda11c08dd3498ffe3102ed53f1ee73a4c6e7924c5
BAL;2024-09-03T15:52:50+00:00;gnosis;0.06419820849381165;1.67209159186247;0.10734528463513626;aura-finance;1000x333bab195cf2a3d39464b24a09efc2aabffbf10f099c3115008ed3cc3f0a0217
AURA;2024-09-03T15:52:50+00:00;gnosis;0.06931431480407396;0.4537;0.03144790462660836;aura-finance;1000x333bab195cf2a3d39464b24a09efc2aabffbf10f099c3115008ed3cc3f0a0217
AURA;2024-09-03T15:52:50+00:00;gnosis;0.06548772300020568;0.4537;0.02971177992519332;aura-finance;1000x333bab195cf2a3d39464b24a09efc2aabffbf10f099c3115008ed3cc3f0a0217
wstETH;2024-09-06T07:33:20+00:00;gnosis;0.00163501088219761;2480.409688644955;4.055496833242887;curve;1000xcd24339aecb8d51d5b5e7fe525a571bbeb43e78c5cfc40e81fef230f23937558
wstETH;2024-09-08T13:31:50+00:00;gnosis;0.001013636458912542;2416.245603091595;2.449194636980764;curve;1000xd0f129b8a914359c04da98cadf8f91791c0358fbd75936ca583f8729386d7c21
wstETH;2024-09-10T10:21:15+00:00;gnosis;0.001306810469659901;2507.084408687115;3.2762841535934237;curve;1000x658533bf9b1bf0a4cba6d6bdb524e0d986f243554a7de5b8c9f61e07026a80f3
BAL;2024-09-10T17:49:50+00:00;gnosis;0.08746581039136339;1.72;0.15044119387314503;aura-finance;1000x9e48d070a9c9a666412809a9a6557c13f0c020132db5dfc26ca07a48dcfec4cf
AURA;2024-09-10T17:49:50+00:00;gnosis;0.09010858355783834;0.4174;0.03761132277704172;aura-finance;1000x9e48d070a9c9a666412809a9a6557c13f0c020132db5dfc26ca07a48dcfec4cf
AURA;2024-09-10T17:49:50+00:00;gnosis;0.36354065816506315;0.4174;0.15174187071809736;aura-finance;1000x9e48d070a9c9a666412809a9a6557c13f0c020132db5dfc26ca07a48dcfec4cf
wstETH;2024-09-12T09:54:35+00:00;gnosis;0.001729537985842395;2509.56836158157;4.340393809423587;curve;1000x5b4fff0e8aa2734874e78091f33aa09f3f95160b994e2aa7b67c8573d6d3dc94
wstETH;2024-09-15T08:26:30+00:00;gnosis;0.001307580503916857;2573.491821078875;3.365047732232225;curve;1000x025f3fba187f54e3a6668da380a640d4fe6d0bb78b3f5e690d882412d6c56a74
BAL;2024-09-15T09:02:43+00:00;arbitrum one;0.38457725470853865;1.71822072;0.6607886074809286;aura-finance;421610x8274b5eafdf0a9636ca1d6802c151a5d053edf110dbd694433677394add2e8c5
AURA;2024-09-15T09:02:43+00:00;arbitrum one;0.4453602083209415;0.425;0.18927808853640013;aura-finance;421610x8274b5eafdf0a9636ca1d6802c151a5d053edf110dbd694433677394add2e8c5
AURA;2024-09-15T09:02:43+00:00;arbitrum one;0.19231539519082433;0.425;0.08173404295610033;aura-finance;421610x8274b5eafdf0a9636ca1d6802c151a5d053edf110dbd694433677394add2e8c5
BAL;2024-09-17T08:09:40+00:00;gnosis;0.13295687018176822;1.62187248763873;0.21563908979036409;aura-finance;1000x24f1eac8dfd82178e2b491ec69206e7a7e550c31908f4fde98a481316aeb9af3
AURA;2024-09-17T08:09:40+00:00;gnosis;0.12623249801783923;0.39205;0.049489450847893864;aura-finance;1000x24f1eac8dfd82178e2b491ec69206e7a7e550c31908f4fde98a481316aeb9af3
AURA;2024-09-17T08:09:40+00:00;gnosis;0.7155713026268306;0.39205;0.28053972919484893;aura-finance;1000x24f1eac8dfd82178e2b491ec69206e7a7e550c31908f4fde98a481316aeb9af3
wstETH;2024-09-19T08:11:20+00:00;gnosis;0.001782035569315268;2573.93636768028;4.586846160360401;curve;1000x030bcc17c351ceaffcf4e2cc887520d8d6180e52ec8ee35b75fb6bb8d5bee22e
wstETH;2024-09-19T08:17:45+00:00;gnosis;0.002546208646026544;2573.93636768028;6.553779033709686;curve;1000x6eab663637c685e4df58dc944295d5229142741a287f4088c655ef50510a8e12
BAL;2024-09-19T08:20:10+00:00;gnosis;0.09903182456358128;1.723;0.17063183372305057;aura-finance;1000xc594d358e34785036302c060a2ade292a1b57c5764a492013828d7be2577a578
AURA;2024-09-19T08:20:10+00:00;gnosis;0.09157657768255695;0.38935;0.03565534052070354;aura-finance;1000xc594d358e34785036302c060a2ade292a1b57c5764a492013828d7be2577a578
AURA;2024-09-19T08:20:10+00:00;gnosis;0.2123902970533306;0.38935;0.08269416215771426;aura-finance;1000xc594d358e34785036302c060a2ade292a1b57c5764a492013828d7be2577a578
ARB;2024-09-20T09:29:45+00:00;arbitrum one;0.7047383359226512;0.5166;0.3640678243376416;curve;421610x3ddf94541d10b1f8bc58b0b66a7d92389908ef681ade10cced89532bcd7bc622
wstETH;2024-09-20T12:14:15+00:00;gnosis;0.000524824350075299;2694.580547601175;1.41418148462033;curve;1000xf087e276a2afd260194e563e0f4dfa6a108307bb8323002bd0a00c6df4b2fd9f
BAL;2024-09-22T09:55:05+00:00;gnosis;0.15920528784717525;1.772;0.2821117700651945;aura-finance;1000xe0ee344f57fab3a422258bbe1564e7378e9267f86723980c47ee4db889f18b4e
AURA;2024-09-22T09:55:05+00:00;gnosis;0.1414200744101801;0.36915;0.05220522046851798;aura-finance;1000xe0ee344f57fab3a422258bbe1564e7378e9267f86723980c47ee4db889f18b4e
AURA;2024-09-22T09:55:05+00:00;gnosis;0.28150976280573736;0.36915;0.10391932893973795;aura-finance;1000xe0ee344f57fab3a422258bbe1564e7378e9267f86723980c47ee4db889f18b4e
wstETH;2024-09-22T19:44:40+00:00;gnosis;0.001041276932059367;2724.39296751072;2.836847550933677;curve;1000xbd0ca94d5c8d0b3b058d389e334f47d2ec3837eed51c1c59f3d47cb26baea4b7
wstETH;2024-09-24T17:37:35+00:00;gnosis;0.00086771810503227;2794.49210420917;2.424831393192022;curve;1000x1e2d5ec9a5e126e97888c4819714b268b6f33d485f24b93e42d7bbd7ade3c77c
BAL;2024-09-26T16:15:35+00:00;gnosis;0.24256843978941814;1.9105;0.46342700421768335;aura-finance;1000x2b4271ec481fe44d38750e35a65fa62d46f51c3c5451bc1493a96ab87bc4e653
AURA;2024-09-26T16:15:35+00:00;gnosis;0.2817524060361675;0.3495;0.09847246590964055;aura-finance;1000x2b4271ec481fe44d38750e35a65fa62d46f51c3c5451bc1493a96ab87bc4e653
AURA;2024-09-26T16:15:35+00:00;gnosis;0.35882090709806896;0.3495;0.1254079070307751;aura-finance;1000x2b4271ec481fe44d38750e35a65fa62d46f51c3c5451bc1493a96ab87bc4e653
BAL;2024-09-26T16:23:52+00:00;arbitrum one;0.6572812297990951;1.90405256;1.251498008238915;aura-finance;421610x16f5f10d432935ac37ea4f4d8ce2977dea4f1ae2527a253145f323f0b6409f4b
AURA;2024-09-26T16:23:52+00:00;arbitrum one;0.6620809046129638;0.3495;0.23139727616223085;aura-finance;421610x16f5f10d432935ac37ea4f4d8ce2977dea4f1ae2527a253145f323f0b6409f4b
AURA;2024-09-26T16:23:52+00:00;arbitrum one;0.6864221332793304;0.3495;0.23990453558112598;aura-finance;421610x16f5f10d432935ac37ea4f4d8ce2977dea4f1ae2527a253145f323f0b6409f4b
wstETH;2024-09-26T20:44:30+00:00;gnosis;0.001391769789164225;2783.67620309541;3.874236442283569;curve;1000xc7b275cc23842efab45fd39cff0e4706b0d8f8db7afaec45a44cea6f98a2c570
wstETH;2024-09-28T16:48:30+00:00;gnosis;0.001789812756994041;2820.30337837434;5.0478149652077855;curve;1000xbf88b5f9371f35cdf12fa11d34472c214b71b2f79083640a7f7ac4aeefcee614
EURe;2024-09-30T14:17:40+00:00;gnosis;30.0;1.0;30.0;gnosis_pay;1000xc123f83462dd1fb64bf0f3390bea18cafe96e0ddd22dd12e0d3573752329474e
BAL;2024-09-30T17:27:10+00:00;gnosis;0.16969892696304742;1.936;0.32853712260045975;aura-finance;1000x48a0976c94030afc40417a3cef3304e2ec1d5b119e4c386e7e06bf7e55cb26ab
AURA;2024-09-30T17:27:10+00:00;gnosis;0.1878942563579149;0.347;0.06519930695619647;aura-finance;1000x48a0976c94030afc40417a3cef3304e2ec1d5b119e4c386e7e06bf7e55cb26ab
AURA;2024-09-30T17:27:10+00:00;gnosis;0.2563022329473767;0.347;0.08893687483273971;aura-finance;1000x48a0976c94030afc40417a3cef3304e2ec1d5b119e4c386e7e06bf7e55cb26ab
wstETH;2024-10-01T11:28:05+00:00;gnosis;0.001394128786100331;2805.874879435305;3.9117509396165544;curve;1000x3e5ac0a4757bb8c7517ee9b4b82990577d8f75298536c1f4057e1d8f0a5fef16
wstETH;2024-10-03T08:08:15+00:00;gnosis;0.001105044423247757;2516.36837756047;2.7806988424602035;curve;1000x793b2d59fa5d6d9a5be24ad0a7cbba2ea284dc1820ed276f4e3cfff256e6a75a
BAL;2024-10-03T08:19:15+00:00;gnosis;0.11416291001406785;1.745;0.19921427797454838;aura-finance;1000x87457ec9b1359f46cf915568bb073a9dca993955174920e89f60f7f68b71264e
AURA;2024-10-03T08:19:15+00:00;gnosis;0.12263635873843123;0.30965;0.03797434848335523;aura-finance;1000x87457ec9b1359f46cf915568bb073a9dca993955174920e89f60f7f68b71264e
AURA;2024-10-03T08:19:15+00:00;gnosis;0.15652580869990604;0.30965;0.0484682166639259;aura-finance;1000x87457ec9b1359f46cf915568bb073a9dca993955174920e89f60f7f68b71264e
wstETH;2024-10-04T10:25:00+00:00;gnosis;0.000649701417739941;2542.298328410735;1.6517348282863367;curve;1000x53542bca62ecb1338fbf61f483b6643d32952e0862ab1973ea871b8f2296f9de
BAL;2024-10-04T10:28:40+00:00;gnosis;0.05258873345955639;1.714;0.09013708914967965;aura-finance;1000x440c198d607f23fde0e06d31fc8de45da444f3e5c6bce2d9b0595cc8f5f87250
AURA;2024-10-04T10:28:40+00:00;gnosis;0.05572738922664682;0.3187;0.017760318946532343;aura-finance;1000x440c198d607f23fde0e06d31fc8de45da444f3e5c6bce2d9b0595cc8f5f87250
AURA;2024-10-04T10:28:40+00:00;gnosis;0.06962153348940839;0.3187;0.022188382723074454;aura-finance;1000x440c198d607f23fde0e06d31fc8de45da444f3e5c6bce2d9b0595cc8f5f87250
BAL;2024-10-04T10:34:30+00:00;arbitrum one;0.3257085947115895;1.71457587;0.558452097144101;aura-finance;421610x22d2c813055ad3c609b44bcdfdb6328de2e42228f018ca6b8b4ee14d20e7d84e
AURA;2024-10-04T10:34:30+00:00;arbitrum one;0.3474874025088777;0.3204;0.11133496376384441;aura-finance;421610x22d2c813055ad3c609b44bcdfdb6328de2e42228f018ca6b8b4ee14d20e7d84e
AURA;2024-10-04T10:34:30+00:00;arbitrum one;0.5077927372597228;0.3204;0.1626967930180152;aura-finance;421610x22d2c813055ad3c609b44bcdfdb6328de2e42228f018ca6b8b4ee14d20e7d84e
wstETH;2024-10-04T12:10:00+00:00;gnosis;0.000730072593297016;2558.061154176305;1.867570340641853;curve;1000x076a9a93ca917db1fcd1581365380a646bbb417960da106bce09c46f182321a0
wstETH;2024-10-05T15:11:30+00:00;gnosis;0.000722212776095924;2595.14727434242;1.8742485173806096;curve;1000x7b9bc7b4f5b56b7f9b54258963830a9b2515dd938ca85dd54c16673e02f5f6da
wstETH;2024-10-09T12:46:50+00:00;gnosis;0.002417092354326275;2615.353135500525;6.321550067681569;curve;1000x32bac545429ddc86f367ddd57a9419da2ccd65d1fa6479e1d3e608a08453e516
wstETH;2024-10-11T09:23:10+00:00;gnosis;0.00113002154157967;2599.78518999273;2.93781326817158;curve;1000x083044f908ea54f03e7971800816ca9b4e7ec8e6ad9b4bdb3412a9266ca2a4ac
wstETH;2024-10-12T20:31:40+00:00;gnosis;0.000885586673592453;2672.851991751715;2.367042104380364;curve;1000x5cd689f3bdbd1c994690c641f5e46dea0f54f0e16dfa207f74c3adb76cffaf72
wstETH;2024-10-12T20:37:35+00:00;gnosis;0.002470660495633704;2672.851991751715;6.603709826696825;curve;1000x2297560bba09c419faec855a4438785e2f4c77be7926b36647bb0261136b2ed8
BAL;2024-10-14T16:28:50+00:00;gnosis;0.4615939507783748;1.891;0.8728741609219067;aura-finance;1000x6e502c25fc736352917dd5abb739f4f10a4c47b3b1bf979b93577a142107d554
AURA;2024-10-14T16:28:50+00:00;gnosis;0.41668202314693914;0.3242;0.13508831190423767;aura-finance;1000x6e502c25fc736352917dd5abb739f4f10a4c47b3b1bf979b93577a142107d554
AURA;2024-10-14T16:28:50+00:00;gnosis;0.6069876386925099;0.3242;0.1967853924641117;aura-finance;1000x6e502c25fc736352917dd5abb739f4f10a4c47b3b1bf979b93577a142107d554
BAL;2024-10-14T16:29:56+00:00;arbitrum one;0.08627051789310446;1.87030668;0.1613523259025328;aura-finance;421610x46d0e4a0ef571ed1a3c2422a9cccacfeb1dfe80481020d6df6e4a4af90df2f2b
AURA;2024-10-14T16:29:56+00:00;arbitrum one;0.08502718010030065;0.3242;0.027565811788517473;aura-finance;421610x46d0e4a0ef571ed1a3c2422a9cccacfeb1dfe80481020d6df6e4a4af90df2f2b
AURA;2024-10-14T16:29:56+00:00;arbitrum one;0.08909847547666108;0.3242;0.028885725749533523;aura-finance;421610x46d0e4a0ef571ed1a3c2422a9cccacfeb1dfe80481020d6df6e4a4af90df2f2b
wstETH;2024-10-16T08:19:15+00:00;gnosis;0.001997322400107861;2834.1300322312;5.66067139819379;curve;1000x3ae9715b786836a27fdda6fb9f00b42bc2506b43518397eb2cb450a10063221a
wstETH;2024-10-19T16:40:05+00:00;gnosis;0.00171934321421495;2870.258085148735;4.934958761746073;curve;1000xac50643ccb9672daaeac42de1de20164d37295e64bc1878fb09d8e52066cfc69
wstETH;2024-10-21T16:53:15+00:00;gnosis;0.001184141805534108;2921.468459333955;3.459432936246658;curve;1000x52331c33dda0ccba141d8b90c709309b189b072527905debce5d6c3a9fa13f30
wstETH;2024-10-21T18:32:45+00:00;gnosis;0.000886492837296896;2918.94114832963;2.5876204204853934;curve;1000x7bd25edaf577bb3e2ebdd836fc9d53293bf8eb42e2a04c4a96e809404a0b30df
BAL;2024-10-24T14:50:55+00:00;gnosis;0.45950906121586693;1.81;0.8317114008007191;aura-finance;1000xa80a2e0587daf0302c31b4f977225ec2c3adeffb914fdf94034fd953387ce447
AURA;2024-10-24T14:50:55+00:00;gnosis;0.49773516797572376;0.3021;0.15036579424546614;aura-finance;1000xa80a2e0587daf0302c31b4f977225ec2c3adeffb914fdf94034fd953387ce447
AURA;2024-10-24T14:50:55+00:00;gnosis;0.6619059578732162;0.3021;0.19996178987349858;aura-finance;1000xa80a2e0587daf0302c31b4f977225ec2c3adeffb914fdf94034fd953387ce447
wstETH;2024-10-24T16:43:15+00:00;gnosis;0.001082027395327834;2753.58108942463;2.979450174014112;curve;1000x119e48f2c9821b57f168a02aede0deddea7212f45b163ef759ad6bc3723f8b85
BAL;2024-10-26T14:05:33+00:00;arbitrum one;1.028902105839994;1.72251066;1.772294845405838;aura-finance;421610x5d496b940dc1ba4a3be76e9650d86a81f512099bc6811f36fde12faa79f6e716
AURA;2024-10-26T14:05:33+00:00;arbitrum one;1.1453747556151923;0.2764;0.31658158245203916;aura-finance;421610x5d496b940dc1ba4a3be76e9650d86a81f512099bc6811f36fde12faa79f6e716
AURA;2024-10-26T14:05:33+00:00;arbitrum one;1.0260368069757717;0.2764;0.28359657344810335;aura-finance;421610x5d496b940dc1ba4a3be76e9650d86a81f512099bc6811f36fde12faa79f6e716
BAL;2024-10-26T14:20:18+00:00;arbitrum one;0.0201196591714666;1.72251066;0.03465632739841799;aura-finance;421610x7b65a0f1867ac8381ab3388edacd47ca0b0fc7a55be81753d12cdabc648d0c4b
AURA;2024-10-26T14:20:18+00:00;arbitrum one;0.02239722280261637;0.2764;0.0061905923826431645;aura-finance;421610x7b65a0f1867ac8381ab3388edacd47ca0b0fc7a55be81753d12cdabc648d0c4b
BAL;2024-10-26T14:20:18+00:00;arbitrum one;0.16472238675738038;1.72251066;0.28373606713023053;aura-finance;421610x7b65a0f1867ac8381ab3388edacd47ca0b0fc7a55be81753d12cdabc648d0c4b
AURA;2024-10-26T14:20:18+00:00;arbitrum one;0.1833691100501313;0.2764;0.05068322201785629;aura-finance;421610x7b65a0f1867ac8381ab3388edacd47ca0b0fc7a55be81753d12cdabc648d0c4b
AURA;2024-10-26T14:20:18+00:00;arbitrum one;0.1766611266104393;0.2764;0.04882913539512543;aura-finance;421610x7b65a0f1867ac8381ab3388edacd47ca0b0fc7a55be81753d12cdabc648d0c4b
wstETH;2024-10-28T07:21:10+00:00;gnosis;0.00109630831105344;2741.38635733505;3.005404647354931;curve;1000x14a616ac848c07b031b8d5710a716280418bb8de68ab64dcc09656d96e728097
BAL;2024-10-28T07:24:54+00:00;arbitrum one;0.03674232801403791;1.72252926;0.06328973508469798;aura-finance;421610x8e339c577b27e1d5b129706fc264aa68568b5efd554831bda61034bae68c6cb0
AURA;2024-10-28T07:24:54+00:00;arbitrum one;0.038869385772684145;0.29025;0.011281839220521573;aura-finance;421610x8e339c577b27e1d5b129706fc264aa68568b5efd554831bda61034bae68c6cb0
AURA;2024-10-28T07:24:54+00:00;arbitrum one;0.37790350631702296;0.29025;0.10968649270851591;aura-finance;421610x8e339c577b27e1d5b129706fc264aa68568b5efd554831bda61034bae68c6cb0
BAL;2024-10-28T07:24:54+00:00;arbitrum one;0.13340129400420614;1.72252926;0.22978763224410767;aura-finance;421610x8e339c577b27e1d5b129706fc264aa68568b5efd554831bda61034bae68c6cb0
AURA;2024-10-28T07:24:54+00:00;arbitrum one;0.14112405608168482;0.29025;0.040961257277709016;aura-finance;421610x8e339c577b27e1d5b129706fc264aa68568b5efd554831bda61034bae68c6cb0
AURA;2024-10-28T07:24:54+00:00;arbitrum one;0.15977094236142483;0.29025;0.04637351602040356;aura-finance;421610x8e339c577b27e1d5b129706fc264aa68568b5efd554831bda61034bae68c6cb0
BAL;2024-10-28T07:26:25+00:00;gnosis;0.15531152859701877;1.73542924403348;0.2695321686628085;aura-finance;1000x7f9a1f4f47b6ce42181bdf315b655df21c095230b6b7e7889e98d4e70b306efc
AURA;2024-10-28T07:26:25+00:00;gnosis;0.15922746512444125;0.284339195482714;0.045274609332235524;aura-finance;1000x7f9a1f4f47b6ce42181bdf315b655df21c095230b6b7e7889e98d4e70b306efc
AURA;2024-10-28T07:26:25+00:00;gnosis;0.23471083321540925;0.284339195482714;0.06673748948754693;aura-finance;1000x7f9a1f4f47b6ce42181bdf315b655df21c095230b6b7e7889e98d4e70b306efc
wstETH;2024-10-28T09:43:45+00:00;gnosis;0.000059118508288642;2770.0809010257;0.16376305070749675;curve;1000x67907b38de6c694b16bf972c8e49cdc89c78537398d2421265914a673d0f5370
BAL;2024-10-29T20:05:37+00:00;arbitrum one;0.0329117563260946;1.84095;0.06058889780852386;aura-finance;421610x6b239e2397554ebf51061c3272eb3f8153df1a20c4ad1a152b87a264f3fa1394
AURA;2024-10-29T20:05:37+00:00;arbitrum one;0.034762667131697705;0.28015;0.009738761196945112;aura-finance;421610x6b239e2397554ebf51061c3272eb3f8153df1a20c4ad1a152b87a264f3fa1394
AURA;2024-10-29T20:05:37+00:00;arbitrum one;0.3385051733774384;0.28015;0.09483222432168936;aura-finance;421610x6b239e2397554ebf51061c3272eb3f8153df1a20c4ad1a152b87a264f3fa1394
BAL;2024-10-29T20:05:37+00:00;arbitrum one;0.11911320749246626;1.84095;0.21928145933325577;aura-finance;421610x6b239e2397554ebf51061c3272eb3f8153df1a20c4ad1a152b87a264f3fa1394
AURA;2024-10-29T20:05:37+00:00;arbitrum one;0.12581196646033843;0.28015;0.03524622240386381;aura-finance;421610x6b239e2397554ebf51061c3272eb3f8153df1a20c4ad1a152b87a264f3fa1394
AURA;2024-10-29T20:05:37+00:00;arbitrum one;0.1426585068070121;0.28015;0.039965780681984434;aura-finance;421610x6b239e2397554ebf51061c3272eb3f8153df1a20c4ad1a152b87a264f3fa1394
wstETH;2024-10-30T14:18:40+00:00;gnosis;0.000691194224732324;2953.34953955551;2.0413381453566366;curve;1000xaad04265d0b97f70d88adcc1b8a45d5b8142ee67f5e324b1904f1bf5bb82630f
wstETH;2024-11-01T08:42:25+00:00;gnosis;0.000525794885365389;2726.01022064116;1.4333222314668974;curve;1000xd7149b1193444353afe47305dac878a9427e04e1533b4322075cc4b1170e2a7a
BAL;2024-11-01T08:42:46+00:00;arbitrum one;0.27650701635347746;1.68585822;0.4661516264071844;aura-finance;421610x5359eb472cbf3885aa3cccfd5d170fd58222cded071a5dfb84c698333e298554
AURA;2024-11-01T08:42:46+00:00;arbitrum one;0.274038768146432;0.27445;0.07520993991778828;aura-finance;421610x5359eb472cbf3885aa3cccfd5d170fd58222cded071a5dfb84c698333e298554
AURA;2024-11-01T08:42:46+00:00;arbitrum one;0.31351459540169674;0.27445;0.08604408070799567;aura-finance;421610x5359eb472cbf3885aa3cccfd5d170fd58222cded071a5dfb84c698333e298554
BAL;2024-11-02T13:05:43+00:00;arbitrum one;0.25222270021439064;1.67781068;0.4231819401581429;aura-finance;421610x0b287eb985202cbace3b4d3bc4fb07d8b405099ddafc0f66b06a1afde0460b50
AURA;2024-11-02T13:05:43+00:00;arbitrum one;0.22203550111041254;0.2779;0.06170366575858364;aura-finance;421610x0b287eb985202cbace3b4d3bc4fb07d8b405099ddafc0f66b06a1afde0460b50
AURA;2024-11-02T13:05:43+00:00;arbitrum one;0.8317619805818115;0.2779;0.23114665440368543;aura-finance;421610x0b287eb985202cbace3b4d3bc4fb07d8b405099ddafc0f66b06a1afde0460b50
BAL;2024-11-02T13:05:43+00:00;arbitrum one;0.2847543230055841;1.67781068;0.4777638443149388;aura-finance;421610x0b287eb985202cbace3b4d3bc4fb07d8b405099ddafc0f66b06a1afde0460b50
AURA;2024-11-02T13:05:43+00:00;arbitrum one;0.25067358627181086;0.2779;0.06966218962493624;aura-finance;421610x0b287eb985202cbace3b4d3bc4fb07d8b405099ddafc0f66b06a1afde0460b50
AURA;2024-11-02T13:05:43+00:00;arbitrum one;0.3438710527500369;0.2779;0.09556176555923525;aura-finance;421610x0b287eb985202cbace3b4d3bc4fb07d8b405099ddafc0f66b06a1afde0460b50
BAL;2024-11-02T13:06:00+00:00;gnosis;0.22723751278840587;1.665739126774355;0.37851841612253556;aura-finance;1000x43e2b6540bfe17d58406617a7e844f5501164f6f66da11fd202f82739234d9a2
AURA;2024-11-02T13:06:00+00:00;gnosis;0.2162678495426883;0.2515542449791;0.05440309560496455;aura-finance;1000x43e2b6540bfe17d58406617a7e844f5501164f6f66da11fd202f82739234d9a2
AURA;2024-11-02T13:06:00+00:00;gnosis;0.34572686970239963;0.2515542449791;0.08696906167697481;aura-finance;1000x43e2b6540bfe17d58406617a7e844f5501164f6f66da11fd202f82739234d9a2
BAL;2024-11-04T08:00:07+00:00;arbitrum one;0.28303468311815994;1.59781938;0.4522383018983548;aura-finance;421610x4aa4cc0185dd1b8475fd8145b73d903d2f70532b0f4c0f6784f68ff271206d2e
AURA;2024-11-04T08:00:07+00:00;arbitrum one;0.24225581231627702;0.24775;0.060018877501357634;aura-finance;421610x4aa4cc0185dd1b8475fd8145b73d903d2f70532b0f4c0f6784f68ff271206d2e
AURA;2024-11-04T08:00:07+00:00;arbitrum one;0.40961270096002983;0.24775;0.10148154666284738;aura-finance;421610x4aa4cc0185dd1b8475fd8145b73d903d2f70532b0f4c0f6784f68ff271206d2e
BAL;2024-11-04T08:00:07+00:00;arbitrum one;0.13565560238112667;1.59781938;0.21675315049013832;aura-finance;421610x4aa4cc0185dd1b8475fd8145b73d903d2f70532b0f4c0f6784f68ff271206d2e
AURA;2024-11-04T08:00:07+00:00;arbitrum one;0.11611071048976034;0.24775;0.028766428523838122;aura-finance;421610x4aa4cc0185dd1b8475fd8145b73d903d2f70532b0f4c0f6784f68ff271206d2e
AURA;2024-11-04T08:00:07+00:00;arbitrum one;0.17101947190672226;0.24775;0.04237007416489044;aura-finance;421610x4aa4cc0185dd1b8475fd8145b73d903d2f70532b0f4c0f6784f68ff271206d2e
wstETH;2024-11-04T08:44:50+00:00;gnosis;0.000905490944329813;2664.998909871425;2.413132379537399;curve;1000x196cf10cab29620ac8e5ef4e274f6e004c8295bc9821830f70a06cd1c7ae56e7
BAL;2024-11-05T21:52:59+00:00;arbitrum one;0.24323412743857997;1.59683768;0.3884054197558464;aura-finance;421610x4dc97ac2b9f4d1a62c321a4f3869a69dde5a223538cc4d0102788ef1400c641b
AURA;2024-11-05T21:52:59+00:00;arbitrum one;0.25436518016873033;0.2507;0.0637693506683007;aura-finance;421610x4dc97ac2b9f4d1a62c321a4f3869a69dde5a223538cc4d0102788ef1400c641b
AURA;2024-11-05T21:52:59+00:00;arbitrum one;0.35201264667687054;0.2507;0.08824957052189145;aura-finance;421610x4dc97ac2b9f4d1a62c321a4f3869a69dde5a223538cc4d0102788ef1400c641b
BAL;2024-11-05T21:52:59+00:00;arbitrum one;0.12014902292573391;1.59683768;0.19185848702299577;aura-finance;421610x4dc97ac2b9f4d1a62c321a4f3869a69dde5a223538cc4d0102788ef1400c641b
AURA;2024-11-05T21:52:59+00:00;arbitrum one;0.12564736776634472;0.2507;0.03149979509902262;aura-finance;421610x4dc97ac2b9f4d1a62c321a4f3869a69dde5a223538cc4d0102788ef1400c641b
AURA;2024-11-05T21:52:59+00:00;arbitrum one;0.1514705039098808;0.2507;0.037973655330207114;aura-finance;421610x4dc97ac2b9f4d1a62c321a4f3869a69dde5a223538cc4d0102788ef1400c641b
BAL;2024-11-06T09:17:15+00:00;gnosis;0.11505993377393538;1.77023962462242;0.20368365397305188;aura-finance;1000x9a64eb17a2bf6bf9b4bedb4ac8b170023ddf753b40f021b52170c814ecc0803c
AURA;2024-11-06T09:17:15+00:00;gnosis;0.1039146015668236;0.268263478948578;0.02787649252987145;aura-finance;1000x9a64eb17a2bf6bf9b4bedb4ac8b170023ddf753b40f021b52170c814ecc0803c
AURA;2024-11-06T09:17:15+00:00;gnosis;0.12470019309712531;0.268263478948578;0.03345250762579429;aura-finance;1000x9a64eb17a2bf6bf9b4bedb4ac8b170023ddf753b40f021b52170c814ecc0803c
BAL;2024-11-06T09:18:43+00:00;arbitrum one;0.5510686807915238;1.7639486;0.9720568279860554;aura-finance;421610x73cc15cf13eb11f87733d532e60048cbe07d72c639abf8eb299a15b43946fa42
AURA;2024-11-06T09:18:43+00:00;arbitrum one;0.5762870767806877;0.25745;0.14836510791718804;aura-finance;421610x73cc15cf13eb11f87733d532e60048cbe07d72c639abf8eb299a15b43946fa42
AURA;2024-11-06T09:18:43+00:00;arbitrum one;0.36166384516578254;0.25745;0.09311035693793071;aura-finance;421610x73cc15cf13eb11f87733d532e60048cbe07d72c639abf8eb299a15b43946fa42
wstETH;2024-11-06T17:32:10+00:00;gnosis;0.000713671274482557;2937.859074207875;2.096665629740079;curve;1000x1f5f2c257f88af771872ffcd37632d667395c39b4294508b7a22a7c9b9ecad23
BAL;2024-11-06T17:33:29+00:00;arbitrum one;0.22631339689627802;1.78375296;0.4036871916013907;aura-finance;421610x80603de85dda9e81fedda6ff33cb1d009bf069372d01ec08187e8ffe5d5a33d5
AURA;2024-11-06T17:33:29+00:00;arbitrum one;0.23667011114900155;0.2703;0.06397193104357513;aura-finance;421610x80603de85dda9e81fedda6ff33cb1d009bf069372d01ec08187e8ffe5d5a33d5
AURA;2024-11-06T17:33:29+00:00;arbitrum one;0.03494381686868762;0.2703;0.009445313699606264;aura-finance;421610x80603de85dda9e81fedda6ff33cb1d009bf069372d01ec08187e8ffe5d5a33d5
BAL;2024-11-08T08:08:26+00:00;arbitrum one;0.3491775439547196;1.84628618;0.6446816737699415;aura-finance;421610x0ea1452ce13d91e71494287c0397c50c0492bcc760227ec639214807db8402de
AURA;2024-11-08T08:08:26+00:00;arbitrum one;0.35111023181757417;0.2671;0.09378154291847407;aura-finance;421610x0ea1452ce13d91e71494287c0397c50c0492bcc760227ec639214807db8402de
AURA;2024-11-08T08:08:26+00:00;arbitrum one;0.5179728219376707;0.2671;0.13835054073955183;aura-finance;421610x0ea1452ce13d91e71494287c0397c50c0492bcc760227ec639214807db8402de
BAL;2024-11-08T08:08:26+00:00;arbitrum one;0.18481308998879303;1.84628618;0.3412178539294049;aura-finance;421610x0ea1452ce13d91e71494287c0397c50c0492bcc760227ec639214807db8402de
AURA;2024-11-08T08:08:26+00:00;arbitrum one;0.1858360252322012;0.2671;0.04963680233952094;aura-finance;421610x0ea1452ce13d91e71494287c0397c50c0492bcc760227ec639214807db8402de
AURA;2024-11-08T08:08:26+00:00;arbitrum one;0.23299175630456861;0.2671;0.06223209810895028;aura-finance;421610x0ea1452ce13d91e71494287c0397c50c0492bcc760227ec639214807db8402de
BAL;2024-11-19T07:42:55+00:00;arbitrum one;0.5104341073745114;2.1728008;1.1090716368506244;aura-finance;421610x8f42848a23161335dc226feca7f35ddbdba3d9c91fa252dda77c04d9ed9c9c82
AURA;2024-11-19T07:42:55+00:00;arbitrum one;0.4756091415234463;0.25805;0.12273093897012531;aura-finance;421610x8f42848a23161335dc226feca7f35ddbdba3d9c91fa252dda77c04d9ed9c9c82
AURA;2024-11-19T07:42:55+00:00;arbitrum one;0.028417467913610314;0.25805;0.0073331275951071416;aura-finance;421610x8f42848a23161335dc226feca7f35ddbdba3d9c91fa252dda77c04d9ed9c9c82
BAL;2024-11-20T08:46:15+00:00;arbitrum one;0.38270470958450437;2.13501296;0.817079514815953;aura-finance;421610x1cff1841c08c560edccd993101465c57c7c26cb16c529d3ff6a571e5cc5ae679
AURA;2024-11-20T08:46:15+00:00;arbitrum one;0.33617587755769535;0.2575;0.08656528847110656;aura-finance;421610x1cff1841c08c560edccd993101465c57c7c26cb16c529d3ff6a571e5cc5ae679
AURA;2024-11-20T08:46:15+00:00;arbitrum one;0.031075471846983192;0.2575;0.008001934000598173;aura-finance;421610x1cff1841c08c560edccd993101465c57c7c26cb16c529d3ff6a571e5cc5ae679
wstETH;2024-11-20T08:52:25+00:00;gnosis;0.001424475845678959;3513.97861071731;5.005577653199314;curve;1000xe8a09f1f0b931f6e830b689e4caa1418c2e6bc9dc83c0f2997d4ab267c47d3f1
BAL;2024-11-21T15:38:23+00:00;arbitrum one;1.519621995947338;2.23260102;3.392709618166463;aura-finance;421610x18d2a95a1c0f616c878178eccae006a1b24df48ea6307ee6e972e9741780a14b
AURA;2024-11-21T15:38:23+00:00;arbitrum one;1.3348679680430502;0.26775;0.3574108984435267;aura-finance;421610x18d2a95a1c0f616c878178eccae006a1b24df48ea6307ee6e972e9741780a14b
AURA;2024-11-21T15:38:23+00:00;arbitrum one;2.6098739658055394;0.26775;0.6987937543444332;aura-finance;421610x18d2a95a1c0f616c878178eccae006a1b24df48ea6307ee6e972e9741780a14b
BAL;2024-11-21T15:38:23+00:00;arbitrum one;0.9490750004831833;2.23260102;2.1189058141352555;aura-finance;421610x18d2a95a1c0f616c878178eccae006a1b24df48ea6307ee6e972e9741780a14b
AURA;2024-11-21T15:38:23+00:00;arbitrum one;0.8336874701696193;0.26775;0.22321982013791555;aura-finance;421610x18d2a95a1c0f616c878178eccae006a1b24df48ea6307ee6e972e9741780a14b
AURA;2024-11-21T15:38:23+00:00;arbitrum one;1.2440064677664704;0.26775;0.33308273174447245;aura-finance;421610x18d2a95a1c0f616c878178eccae006a1b24df48ea6307ee6e972e9741780a14b
BAL;2024-11-21T15:38:55+00:00;gnosis;0.5791866387514056;2.246199280361405;1.3009686111583483;aura-finance;1000x73dce5dea9969329ef5762fa503784ae15e28912a849d081ed02fa998ad105f7
AURA;2024-11-21T15:38:55+00:00;gnosis;0.5792734539232827;0.26981843686607;0.15629865785558955;aura-finance;1000x73dce5dea9969329ef5762fa503784ae15e28912a849d081ed02fa998ad105f7
AURA;2024-11-21T15:38:55+00:00;gnosis;0.7950103941914819;0.26981843686607;0.21450846185302377;aura-finance;1000x73dce5dea9969329ef5762fa503784ae15e28912a849d081ed02fa998ad105f7
BAL;2024-11-23T18:17:25+00:00;arbitrum one;0.20099322264493238;2.41781148;0.4859637211131135;aura-finance;421610x8a265e0cc1f30f1f59a03ad851dd5152434776b2eeba276e2c94b4080fe3dc5c
AURA;2024-11-23T18:17:25+00:00;arbitrum one;0.21925743348029705;0.3012;0.06604033896426548;aura-finance;421610x8a265e0cc1f30f1f59a03ad851dd5152434776b2eeba276e2c94b4080fe3dc5c
AURA;2024-11-23T18:17:25+00:00;arbitrum one;0.37205060809455553;0.3012;0.11206164315808012;aura-finance;421610x8a265e0cc1f30f1f59a03ad851dd5152434776b2eeba276e2c94b4080fe3dc5c
BAL;2024-11-23T18:17:25+00:00;arbitrum one;0.13086076452568937;2.41781148;0.3163966587517885;aura-finance;421610x8a265e0cc1f30f1f59a03ad851dd5152434776b2eeba276e2c94b4080fe3dc5c
AURA;2024-11-23T18:17:25+00:00;arbitrum one;0.14275205400263066;0.3012;0.042996918665592354;aura-finance;421610x8a265e0cc1f30f1f59a03ad851dd5152434776b2eeba276e2c94b4080fe3dc5c
AURA;2024-11-23T18:17:25+00:00;arbitrum one;0.16592245719877685;0.3012;0.049975844108271585;aura-finance;421610x8a265e0cc1f30f1f59a03ad851dd5152434776b2eeba276e2c94b4080fe3dc5c
BAL;2024-11-25T07:15:27+00:00;arbitrum one;0.17194699674818442;2.49049854;0.428233744358738;aura-finance;421610xe48de61ead9ddd989090c2ee5b2467dd522a9abd582300154b7035174a0b9089
AURA;2024-11-25T07:15:27+00:00;arbitrum one;0.17024835856527454;0.31495;0.05361972053013322;aura-finance;421610xe48de61ead9ddd989090c2ee5b2467dd522a9abd582300154b7035174a0b9089
AURA;2024-11-25T07:15:27+00:00;arbitrum one;0.29387551359661274;0.31495;0.09255609300725318;aura-finance;421610xe48de61ead9ddd989090c2ee5b2467dd522a9abd582300154b7035174a0b9089
BAL;2024-11-25T07:15:27+00:00;arbitrum one;0.1179099676365747;2.49049854;0.29365460225033657;aura-finance;421610xe48de61ead9ddd989090c2ee5b2467dd522a9abd582300154b7035174a0b9089
AURA;2024-11-25T07:15:27+00:00;arbitrum one;0.11674515303113864;0.31495;0.03676888594715711;aura-finance;421610xe48de61ead9ddd989090c2ee5b2467dd522a9abd582300154b7035174a0b9089
AURA;2024-11-25T07:15:27+00:00;arbitrum one;0.1425609099456381;0.31495;0.04489955858737872;aura-finance;421610xe48de61ead9ddd989090c2ee5b2467dd522a9abd582300154b7035174a0b9089
BAL;2024-11-26T12:04:30+00:00;gnosis;0.1893348868684646;2.333762803161965;0.44186271631450147;aura-finance;1000x2726519fa2af2a37d76857718c68770e6366d2276e99e551bc7e78b840eb9b55
AURA;2024-11-26T12:04:30+00:00;gnosis;0.17770842886075597;0.53328067657564;0.09476847117605794;aura-finance;1000x2726519fa2af2a37d76857718c68770e6366d2276e99e551bc7e78b840eb9b55
AURA;2024-11-26T12:04:30+00:00;gnosis;0.22346534312766259;0.53328067657564;0.11916974937432744;aura-finance;1000x2726519fa2af2a37d76857718c68770e6366d2276e99e551bc7e78b840eb9b55
BAL;2024-11-27T08:17:02+00:00;arbitrum one;0.22536962225780782;2.51217384;0.5661676693667466;aura-finance;421610xb05951295d91920688f1e930386116f17468240837a602dd9a34f5b0df845988
AURA;2024-11-27T08:17:02+00:00;arbitrum one;0.21247322675681737;0.29025;0.06167035406616624;aura-finance;421610xb05951295d91920688f1e930386116f17468240837a602dd9a34f5b0df845988
AURA;2024-11-27T08:17:02+00:00;arbitrum one;0.3851804029301094;0.29025;0.11179861195046426;aura-finance;421610xb05951295d91920688f1e930386116f17468240837a602dd9a34f5b0df845988
BAL;2024-11-27T08:17:02+00:00;arbitrum one;0.16142475987023164;2.51217384;0.4055270588742777;aura-finance;421610xb05951295d91920688f1e930386116f17468240837a602dd9a34f5b0df845988
AURA;2024-11-27T08:17:02+00:00;arbitrum one;0.15218750097933514;0.29025;0.044172422159252024;aura-finance;421610xb05951295d91920688f1e930386116f17468240837a602dd9a34f5b0df845988
AURA;2024-11-27T08:17:02+00:00;arbitrum one;0.19517315724983667;0.29025;0.05664900889176509;aura-finance;421610xb05951295d91920688f1e930386116f17468240837a602dd9a34f5b0df845988
BAL;2024-11-28T19:21:47+00:00;arbitrum one;0.15326254917976556;2.57752912;0.39503868351627786;aura-finance;421610xaaf2204f2037a6bf47e9f509a378706f9c53d3e0f11636214664ed2698c7e3e8
AURA;2024-11-28T19:21:47+00:00;arbitrum one;0.14112552058543895;0.313948383593324;0.04430612907156493;aura-finance;421610xaaf2204f2037a6bf47e9f509a378706f9c53d3e0f11636214664ed2698c7e3e8
AURA;2024-11-28T19:21:47+00:00;arbitrum one;0.2619418263018037;0.313948383593324;0.0822362129629345;aura-finance;421610xaaf2204f2037a6bf47e9f509a378706f9c53d3e0f11636214664ed2698c7e3e8
BAL;2024-11-28T19:21:47+00:00;arbitrum one;0.11396479178801876;2.57752912;0.29374756948835523;aura-finance;421610xaaf2204f2037a6bf47e9f509a378706f9c53d3e0f11636214664ed2698c7e3e8
AURA;2024-11-28T19:21:47+00:00;arbitrum one;0.10493979550497196;0.313948383593324;0.03294567917339991;aura-finance;421610xaaf2204f2037a6bf47e9f509a378706f9c53d3e0f11636214664ed2698c7e3e8
AURA;2024-11-28T19:21:47+00:00;arbitrum one;0.13779093273218299;0.313948383593324;0.04325924060508529;aura-finance;421610xaaf2204f2037a6bf47e9f509a378706f9c53d3e0f11636214664ed2698c7e3e8
wstETH;2024-11-29T15:14:55+00:00;gnosis;0.001138713510668588;4077.970903783225;4.643640564251351;curve;1000xa0d852ce1d838918523169a290dfa9ebc67e2ef0c2e27077aa96ca56ab6beca4
wstETH;2024-11-29T15:16:00+00:00;gnosis;0.000040332013867146;4077.970903783225;0.16447277904120294;curve;1000x73b1134bdd62e29c1ff2e781e3da0799abb138c2eadb0e6ca2c83ff5e3a4298d
BAL;2024-11-30T18:13:52+00:00;arbitrum one;0.16396345832123219;2.75146611;0.4511398988492678;aura-finance;421610x0afbd22b00e987c61027dbafd5878b76117d57e8e7b7cf920277cd1c770bad58
AURA;2024-11-30T18:13:52+00:00;arbitrum one;0.1801082208834983;0.313888115230027;0.05653382999055466;aura-finance;421610x0afbd22b00e987c61027dbafd5878b76117d57e8e7b7cf920277cd1c770bad58
AURA;2024-11-30T18:13:52+00:00;arbitrum one;0.2386961028199103;0.313888115230027;0.07492386982689438;aura-finance;421610x0afbd22b00e987c61027dbafd5878b76117d57e8e7b7cf920277cd1c770bad58
BAL;2024-11-30T18:13:52+00:00;arbitrum one;0.14494534202812515;2.75146611;0.398812196392745;aura-finance;421610x0afbd22b00e987c61027dbafd5878b76117d57e8e7b7cf920277cd1c770bad58
AURA;2024-11-30T18:13:52+00:00;arbitrum one;0.15921747409651482;0.313888115230027;0.049976472855840684;aura-finance;421610x0afbd22b00e987c61027dbafd5878b76117d57e8e7b7cf920277cd1c770bad58
AURA;2024-11-30T18:13:52+00:00;arbitrum one;0.17524845664957678;0.313888115230027;0.055008407754706744;aura-finance;421610x0afbd22b00e987c61027dbafd5878b76117d57e8e7b7cf920277cd1c770bad58
BAL;2024-11-30T18:14:06+00:00;arbitrum one;2.590608674138e-6;2.75146611;7.127971971162741e-6;aura-finance;421610xb7999140830b8d09f9532a71187b787d72eac62fc549415f83ed8dc89f4d998b
AURA;2024-11-30T18:14:06+00:00;arbitrum one;2.845694547319e-6;0.313888115230027;8.932296979783258e-7;aura-finance;421610xb7999140830b8d09f9532a71187b787d72eac62fc549415f83ed8dc89f4d998b
AURA;2024-11-30T18:14:06+00:00;arbitrum one;2.876178741504e-6;0.313888115230027;9.027983242353616e-7;aura-finance;421610xb7999140830b8d09f9532a71187b787d72eac62fc549415f83ed8dc89f4d998b
BAL;2024-11-30T18:14:30+00:00;gnosis;0.15990696391510256;2.749068500462325;0.4395951975035741;aura-finance;1000x34212da2989451d14670c19f3690d92a9a5821370c7eb4d061d8485a9b1613cb
AURA;2024-11-30T18:14:30+00:00;gnosis;0.14204827102286188;0.313888115230027;0.04458726406305018;aura-finance;1000x34212da2989451d14670c19f3690d92a9a5821370c7eb4d061d8485a9b1613cb
AURA;2024-11-30T18:14:30+00:00;gnosis;0.20753597438022486;0.313888115230027;0.06514307584063594;aura-finance;1000x34212da2989451d14670c19f3690d92a9a5821370c7eb4d061d8485a9b1613cb
BAL;2024-12-02T07:10:10+00:00;arbitrum one;0.20340054648953512;2.86701888;0.5831532069878149;aura-finance;421610xe755591a0eba0a76b7c7ac4a2611f1077afe39f70a3301999e52dac1d93695ef
AURA;2024-12-02T07:10:10+00:00;arbitrum one;0.2193614631143219;0.345724442538986;0.07583861954973527;aura-finance;421610xe755591a0eba0a76b7c7ac4a2611f1077afe39f70a3301999e52dac1d93695ef
AURA;2024-12-02T07:10:10+00:00;arbitrum one;0.198420539649218;0.345724442538986;0.06859883045851066;aura-finance;421610xe755591a0eba0a76b7c7ac4a2611f1077afe39f70a3301999e52dac1d93695ef
BAL;2024-12-02T07:10:10+00:00;arbitrum one;0.09268311632727667;2.86701888;0.2657242443675385;aura-finance;421610xe755591a0eba0a76b7c7ac4a2611f1077afe39f70a3301999e52dac1d93695ef
AURA;2024-12-02T07:10:10+00:00;arbitrum one;0.0999559949785697;0.345724442538986;0.034557230642395693;aura-finance;421610xe755591a0eba0a76b7c7ac4a2611f1077afe39f70a3301999e52dac1d93695ef
AURA;2024-12-02T07:10:10+00:00;arbitrum one;0.08030063534545295;0.345724442538986;0.027761892390333116;aura-finance;421610xe755591a0eba0a76b7c7ac4a2611f1077afe39f70a3301999e52dac1d93695ef
BAL;2024-12-02T09:33:40+00:00;gnosis;0.06539074487066757;2.722448159085975;0.1780229129944096;aura-finance;1000x66d104902b72ad09aac5e668523a43a28abdcca8077c36ab84034e2664349775
AURA;2024-12-02T09:33:40+00:00;gnosis;0.05686609442355432;0.345724442538986;0.01965999879395266;aura-finance;1000x66d104902b72ad09aac5e668523a43a28abdcca8077c36ab84034e2664349775
AURA;2024-12-02T09:33:40+00:00;gnosis;0.09355877644440523;0.345724442538986;0.03234555583087161;aura-finance;1000x66d104902b72ad09aac5e668523a43a28abdcca8077c36ab84034e2664349775
BAL;2024-12-05T09:42:34+00:00;arbitrum one;0.41042315659435274;3.4729191;1.4253664196188187;aura-finance;421610xd9f7859dff48826b86ef3dc739b177f7e0d053d266aa27132b4f8fe46ff52e20
AURA;2024-12-05T09:42:34+00:00;arbitrum one;0.40524943206727726;0.388949380675753;0.15762151562176813;aura-finance;421610xd9f7859dff48826b86ef3dc739b177f7e0d053d266aa27132b4f8fe46ff52e20
AURA;2024-12-05T09:42:34+00:00;arbitrum one;0.40037446123664594;0.388949380675753;0.15572539873638172;aura-finance;421610xd9f7859dff48826b86ef3dc739b177f7e0d053d266aa27132b4f8fe46ff52e20
BAL;2024-12-05T09:42:34+00:00;arbitrum one;0.2490810077169284;3.4729191;0.865038189147368;aura-finance;421610xd9f7859dff48826b86ef3dc739b177f7e0d053d266aa27132b4f8fe46ff52e20
AURA;2024-12-05T09:42:34+00:00;arbitrum one;0.24594113488531955;0.388949380675753;0.09565865209633687;aura-finance;421610xd9f7859dff48826b86ef3dc739b177f7e0d053d266aa27132b4f8fe46ff52e20
AURA;2024-12-05T09:42:34+00:00;arbitrum one;0.21066316378852723;0.388949380675753;0.08193730708674238;aura-finance;421610xd9f7859dff48826b86ef3dc739b177f7e0d053d266aa27132b4f8fe46ff52e20
BAL;2024-12-06T17:24:40+00:00;gnosis;0.09554025544808331;3.61944117581848;0.3458023345170086;aura-finance;1000x6a07230ce3b2e2e3987c3b3145815fa142cbac02c2f131f17d9c5326260f2ceb
AURA;2024-12-06T17:24:40+00:00;gnosis;0.10354950310273803;0.425945452810861;0.0441064399874354;aura-finance;1000x6a07230ce3b2e2e3987c3b3145815fa142cbac02c2f131f17d9c5326260f2ceb
AURA;2024-12-06T17:24:40+00:00;gnosis;0.09318513188219016;0.425945452810861;0.03969178319479929;aura-finance;1000x6a07230ce3b2e2e3987c3b3145815fa142cbac02c2f131f17d9c5326260f2ceb
BAL;2024-12-07T19:26:12+00:00;arbitrum one;0.25310000022535817;3.6140447;0.9147147143844545;aura-finance;421610xcdbc97c8f142b1de4f17c596410bfa09bc662d538d53636370cb1ab1b48273ef
AURA;2024-12-07T19:26:12+00:00;arbitrum one;0.22956362436683433;0.4098428218677005;0.0940850036086802;aura-finance;421610xcdbc97c8f142b1de4f17c596410bfa09bc662d538d53636370cb1ab1b48273ef
AURA;2024-12-07T19:26:12+00:00;arbitrum one;0.24690316469978896;0.4098428218677005;0.10119148974862711;aura-finance;421610xcdbc97c8f142b1de4f17c596410bfa09bc662d538d53636370cb1ab1b48273ef
BAL;2024-12-07T19:26:12+00:00;arbitrum one;0.19984561359122385;3.6140447;0.7222509806176105;aura-finance;421610xcdbc97c8f142b1de4f17c596410bfa09bc662d538d53636370cb1ab1b48273ef
AURA;2024-12-07T19:26:12+00:00;arbitrum one;0.18126149082957912;0.4098428218677005;0.07428872089754103;aura-finance;421610xcdbc97c8f142b1de4f17c596410bfa09bc662d538d53636370cb1ab1b48273ef
AURA;2024-12-07T19:26:12+00:00;arbitrum one;0.1690217556700749;0.4098428218677005;0.0692723533008565;aura-finance;421610xcdbc97c8f142b1de4f17c596410bfa09bc662d538d53636370cb1ab1b48273ef
BAL;2024-12-09T08:27:08+00:00;arbitrum one;0.10440935497705396;3.46213674;0.36147946386576035;aura-finance;421610xc89bd5f2f475cc4d8a1944854231ca6b88b8a4b407ef8d3733de5ad4c7db0da9
AURA;2024-12-09T08:27:08+00:00;arbitrum one;0.11245924853054491;0.388775399685813;0.04372138929582878;aura-finance;421610xc89bd5f2f475cc4d8a1944854231ca6b88b8a4b407ef8d3733de5ad4c7db0da9
AURA;2024-12-09T08:27:08+00:00;arbitrum one;0.08190933192586998;0.388775399685813;0.03184433325747803;aura-finance;421610xc89bd5f2f475cc4d8a1944854231ca6b88b8a4b407ef8d3733de5ad4c7db0da9
BAL;2024-12-09T08:27:20+00:00;gnosis;0.34744199939340475;3.09522912530446;1.075412595876481;aura-finance;1000x077b4a12b768fb8a3e4d3be0fba39417c8aec759cf4ff19b5dde5ef4548dc0a7
AURA;2024-12-09T08:27:20+00:00;gnosis;0.3643960156435089;0.385471638227006;0.14046432911349707;aura-finance;1000x077b4a12b768fb8a3e4d3be0fba39417c8aec759cf4ff19b5dde5ef4548dc0a7
AURA;2024-12-09T08:27:20+00:00;gnosis;0.4906023518614859;0.385471638227006;0.18911329229006899;aura-finance;1000x077b4a12b768fb8a3e4d3be0fba39417c8aec759cf4ff19b5dde5ef4548dc0a7
BAL;2024-12-09T18:13:00+00:00;arbitrum one;0.03746262845865186;3.38646162;0.1268657534595443;aura-finance;421610x27d61f0cbf93e0f8e188b079c4f9c7eda0174dfb9ee172cf7a92bc33fc404bfa
AURA;2024-12-09T18:13:00+00:00;arbitrum one;0.040350972816227904;0.3854898674069485;0.015554891160669077;aura-finance;421610x27d61f0cbf93e0f8e188b079c4f9c7eda0174dfb9ee172cf7a92bc33fc404bfa
AURA;2024-12-09T18:13:00+00:00;arbitrum one;0.029115533419226982;0.3854898674069485;0.011223743117260387;aura-finance;421610x27d61f0cbf93e0f8e188b079c4f9c7eda0174dfb9ee172cf7a92bc33fc404bfa
BAL;2024-12-09T18:15:00+00:00;gnosis;0.021178685794116914;3.09522912530446;0.06555288510562249;aura-finance;1000x97ac49edbe5bf60183317651f06b9b5c7b28092714da6d99a642ff0e9147bb5c
AURA;2024-12-09T18:15:00+00:00;gnosis;0.022100612551092975;0.3854898674069485;0.008519562201933173;aura-finance;1000x97ac49edbe5bf60183317651f06b9b5c7b28092714da6d99a642ff0e9147bb5c
AURA;2024-12-09T18:15:00+00:00;gnosis;0.030874419296163635;0.3854898674069485;0.011901775800744653;aura-finance;1000x97ac49edbe5bf60183317651f06b9b5c7b28092714da6d99a642ff0e9147bb5c
BAL;2024-12-11T08:10:36+00:00;arbitrum one;0.06587885584270686;3.0454272;0.2006292594882584;aura-finance;421610x9d6bb61e0b22a9d800f82a02f8feb01017b66d6d20f28f7392bdaa002c9b86b8
AURA;2024-12-11T08:10:36+00:00;arbitrum one;0.07029075868153098;0.363510111172359;0.025551401502712782;aura-finance;421610x9d6bb61e0b22a9d800f82a02f8feb01017b66d6d20f28f7392bdaa002c9b86b8
AURA;2024-12-11T08:10:36+00:00;arbitrum one;0.08689348096329295;0.363510111172359;0.03158665892511989;aura-finance;421610x9d6bb61e0b22a9d800f82a02f8feb01017b66d6d20f28f7392bdaa002c9b86b8
BAL;2024-12-11T08:10:36+00:00;arbitrum one;0.1459278151356071;3.0454272;0.44441253745054954;aura-finance;421610x9d6bb61e0b22a9d800f82a02f8feb01017b66d6d20f28f7392bdaa002c9b86b8
AURA;2024-12-11T08:10:36+00:00;arbitrum one;0.15570059175148177;0.363510111172359;0.05659873941718322;aura-finance;421610x9d6bb61e0b22a9d800f82a02f8feb01017b66d6d20f28f7392bdaa002c9b86b8
AURA;2024-12-11T08:10:36+00:00;arbitrum one;0.11341345637466364;0.363510111172359;0.04122693813519547;aura-finance;421610x9d6bb61e0b22a9d800f82a02f8feb01017b66d6d20f28f7392bdaa002c9b86b8
BAL;2024-12-12T09:21:30+00:00;gnosis;0.02117908683058599;3.49729716812375;0.07406956039605538;aura-finance;1000x9acc43b8d3e4d26ee17098d70558421ee0ec5ea39c1b311328fa0a50bc626f10
AURA;2024-12-12T09:21:30+00:00;gnosis;0.02140749490646449;0.40082880930936;0.00858074069365435;aura-finance;1000x9acc43b8d3e4d26ee17098d70558421ee0ec5ea39c1b311328fa0a50bc626f10
AURA;2024-12-12T09:21:30+00:00;gnosis;0.024673449131080723;0.40082880930936;0.00988982923676615;aura-finance;1000x9acc43b8d3e4d26ee17098d70558421ee0ec5ea39c1b311328fa0a50bc626f10
BAL;2024-12-12T09:21:30+00:00;gnosis;0.01732258382374063;3.49729716812375;0.06058222335135439;aura-finance;1000x9acc43b8d3e4d26ee17098d70558421ee0ec5ea39c1b311328fa0a50bc626f10
AURA;2024-12-12T09:21:30+00:00;gnosis;0.017509401039802593;0.40082880930936;0.007018272370504143;aura-finance;1000x9acc43b8d3e4d26ee17098d70558421ee0ec5ea39c1b311328fa0a50bc626f10
AURA;2024-12-12T09:21:30+00:00;gnosis;0.015843083367920275;0.40082880930936;0.006350364242152409;aura-finance;1000x9acc43b8d3e4d26ee17098d70558421ee0ec5ea39c1b311328fa0a50bc626f10
BAL;2024-12-12T09:21:45+00:00;gnosis;0.14283553801972418;3.49729716812375;0.4995383226238136;aura-finance;1000x40484250c6c4c91f5a3806d0c37dda2969f2c65d761e457210893098021c5ff3
AURA;2024-12-12T09:21:45+00:00;gnosis;0.14437596281079876;0.40082880930936;0.057870045266344906;aura-finance;1000x40484250c6c4c91f5a3806d0c37dda2969f2c65d761e457210893098021c5ff3
AURA;2024-12-12T09:21:45+00:00;gnosis;0.19396971044019762;0.40082880930936;0.07774864807782574;aura-finance;1000x40484250c6c4c91f5a3806d0c37dda2969f2c65d761e457210893098021c5ff3
BAL;2024-12-14T13:20:10+00:00;gnosis;0.10552302379517704;3.2224534056756;0.34004302740595566;aura-finance;1000x8ce2fb91f69f8ae041d09083521367db748a24ab3559bc72f9c3cb9d8d846416
AURA;2024-12-14T13:20:10+00:00;gnosis;0.1039328392094321;0.4005014294871185;0.041625250674032395;aura-finance;1000x8ce2fb91f69f8ae041d09083521367db748a24ab3559bc72f9c3cb9d8d846416
AURA;2024-12-14T13:20:10+00:00;gnosis;0.12338713654786597;0.4005014294871185;0.049416724567742605;aura-finance;1000x8ce2fb91f69f8ae041d09083521367db748a24ab3559bc72f9c3cb9d8d846416
BAL;2024-12-15T09:39:58+00:00;arbitrum one;0.12748711025621046;3.21010698;0.4092472624934908;aura-finance;421610x6e5b834161e1f8b53982ccd002ba73b32b00c9eeae5554856ef75a7786915e9c
AURA;2024-12-15T09:39:58+00:00;arbitrum one;0.11717854874217384;0.4043251871859825;0.047378238654361214;aura-finance;421610x6e5b834161e1f8b53982ccd002ba73b32b00c9eeae5554856ef75a7786915e9c
AURA;2024-12-15T09:39:58+00:00;arbitrum one;0.1683383678096377;0.4043251871859825;0.06806344207521453;aura-finance;421610x6e5b834161e1f8b53982ccd002ba73b32b00c9eeae5554856ef75a7786915e9c
BAL;2024-12-15T09:39:58+00:00;arbitrum one;0.39473875301197614;3.21010698;1.2671536263202405;aura-finance;421610x6e5b834161e1f8b53982ccd002ba73b32b00c9eeae5554856ef75a7786915e9c
AURA;2024-12-15T09:39:58+00:00;arbitrum one;0.3628203205585287;0.4043251871859825;0.1466973940247053;aura-finance;421610x6e5b834161e1f8b53982ccd002ba73b32b00c9eeae5554856ef75a7786915e9c
AURA;2024-12-15T09:39:58+00:00;arbitrum one;0.3067865184064495;0.4043251871859825;0.12404151648082355;aura-finance;421610x6e5b834161e1f8b53982ccd002ba73b32b00c9eeae5554856ef75a7786915e9c
BAL;2024-12-15T09:40:10+00:00;gnosis;0.041343062317704155;3.27520865657919;0.13540715559243754;aura-finance;1000xd2b7a0738d41fd4497a08b12942093f132710131f2f355f1b236c0db5115ca03
AURA;2024-12-15T09:40:10+00:00;gnosis;0.040313994518873526;0.4043251871859825;0.01629996338005821;aura-finance;1000xd2b7a0738d41fd4497a08b12942093f132710131f2f355f1b236c0db5115ca03
AURA;2024-12-15T09:40:10+00:00;gnosis;0.05214454531184661;0.4043251871859825;0.021083353043940326;aura-finance;1000xd2b7a0738d41fd4497a08b12942093f132710131f2f355f1b236c0db5115ca03
BAL;2024-12-16T09:29:30+00:00;gnosis;0.047814838484350954;3.25899043973485;0.15582810149796575;aura-finance;1000x21615053efb65d045fb5556c7a9fe62c11d1d936f4ade940d41c0d6aa4765c3d
AURA;2024-12-16T09:29:30+00:00;gnosis;0.04608648975759118;0.428579830482693;0.019751739967850797;aura-finance;1000x21615053efb65d045fb5556c7a9fe62c11d1d936f4ade940d41c0d6aa4765c3d
AURA;2024-12-16T09:29:30+00:00;gnosis;0.060307168171676;0.428579830482693;0.025846435911908158;aura-finance;1000x21615053efb65d045fb5556c7a9fe62c11d1d936f4ade940d41c0d6aa4765c3d
BAL;2024-12-17T08:56:59+00:00;arbitrum one;0.07324809871289781;3.22186332;0.23599536250282468;aura-finance;421610x917b9c6b454806bfd5c6f9e3dae6eff854a7e513fb0e56ae2570cace775e1e93
AURA;2024-12-17T08:56:59+00:00;arbitrum one;0.06524954253516475;0.4025496709265405;0.026266181875637878;aura-finance;421610x917b9c6b454806bfd5c6f9e3dae6eff854a7e513fb0e56ae2570cace775e1e93
AURA;2024-12-17T08:56:59+00:00;arbitrum one;0.10130784996824418;0.4025496709265405;0.04078144166699203;aura-finance;421610x917b9c6b454806bfd5c6f9e3dae6eff854a7e513fb0e56ae2570cace775e1e93
BAL;2024-12-17T08:56:59+00:00;arbitrum one;0.5651716007086517;3.22186332;1.8209056498288907;aura-finance;421610x917b9c6b454806bfd5c6f9e3dae6eff854a7e513fb0e56ae2570cace775e1e93
AURA;2024-12-17T08:56:59+00:00;arbitrum one;0.5034559128237527;0.4025496709265405;0.2026660120332227;aura-finance;421610x917b9c6b454806bfd5c6f9e3dae6eff854a7e513fb0e56ae2570cace775e1e93
BAL;2024-12-17T09:18:50+00:00;gnosis;0.013517230106475034;3.09206157124813;0.04179610776194972;aura-finance;1000x5fbb702e1b7d2b86a279e449e3df8c6ab19a21e5f93f6be3d36b064ab607dc20
AURA;2024-12-17T09:18:50+00:00;gnosis;0.012879195544266593;0.402283054128968;0.005181082118271761;aura-finance;1000x5fbb702e1b7d2b86a279e449e3df8c6ab19a21e5f93f6be3d36b064ab607dc20
AURA;2024-12-17T09:18:50+00:00;gnosis;0.019027792808858655;0.402283054128968;0.007654558604480875;aura-finance;1000x5fbb702e1b7d2b86a279e449e3df8c6ab19a21e5f93f6be3d36b064ab607dc20
BAL;2024-12-17T09:19:15+00:00;gnosis;0.0187987066414198;3.09206157124813;0.05812675839510117;aura-finance;1000x7670cbf8b71473b574ef97614edb9e0a0cdce090ddf3c1ffc0a5f01d80ec441e
AURA;2024-12-17T09:19:15+00:00;gnosis;0.017911378063925384;0.402283054128968;0.0072054438712145065;aura-finance;1000x7670cbf8b71473b574ef97614edb9e0a0cdce090ddf3c1ffc0a5f01d80ec441e
AURA;2024-12-17T09:19:15+00:00;gnosis;0.024248805464221243;0.402283054128968;0.009754883521126129;aura-finance;1000x7670cbf8b71473b574ef97614edb9e0a0cdce090ddf3c1ffc0a5f01d80ec441e
BAL;2024-12-17T09:19:15+00:00;gnosis;7.74309846816e-7;3.09206157124813;2.3942137215787797e-6;aura-finance;1000x7670cbf8b71473b574ef97614edb9e0a0cdce090ddf3c1ffc0a5f01d80ec441e
AURA;2024-12-17T09:19:15+00:00;gnosis;7.37761201846e-7;0.402283054128968;2.967888294964669e-7;aura-finance;1000x7670cbf8b71473b574ef97614edb9e0a0cdce090ddf3c1ffc0a5f01d80ec441e
AURA;2024-12-17T09:19:15+00:00;gnosis;1.111167745737e-6;0.402283054128968;4.470039544046809e-7;aura-finance;1000x7670cbf8b71473b574ef97614edb9e0a0cdce090ddf3c1ffc0a5f01d80ec441e
BAL;2024-12-17T09:21:25+00:00;gnosis;0.0474249620139961;3.09206157124813;0.14664090256137965;aura-finance;1000xab3c67f6683cb443f570b3b4cee8abf57176614176a9762c3a43e6404b3f1cd6
AURA;2024-12-17T09:21:25+00:00;gnosis;0.04518590774694259;0.402283054128968;0.01817752497202986;aura-finance;1000xab3c67f6683cb443f570b3b4cee8abf57176614176a9762c3a43e6404b3f1cd6
AURA;2024-12-17T09:21:25+00:00;gnosis;0.05981543074017625;0.402283054128968;0.024062734162197858;aura-finance;1000xab3c67f6683cb443f570b3b4cee8abf57176614176a9762c3a43e6404b3f1cd6
BAL;2024-12-18T09:17:58+00:00;arbitrum one;0.03738450314021253;3.06632872;0.11463317566176387;aura-finance;421610xfbf7fd2964e48babe7bd1a220391882a84001227cd0e2d5746e205f2a9cee2a0
AURA;2024-12-18T09:17:58+00:00;arbitrum one;0.03298815103781218;0.428311788706716;0.014129213977132642;aura-finance;421610xfbf7fd2964e48babe7bd1a220391882a84001227cd0e2d5746e205f2a9cee2a0
AURA;2024-12-18T09:17:58+00:00;arbitrum one;0.05170569204957554;0.428311788706716;0.022146157448072325;aura-finance;421610xfbf7fd2964e48babe7bd1a220391882a84001227cd0e2d5746e205f2a9cee2a0
BAL;2024-12-18T09:17:58+00:00;arbitrum one;0.2797499720463823;3.06632872;0.8578053737050193;aura-finance;421610xfbf7fd2964e48babe7bd1a220391882a84001227cd0e2d5746e205f2a9cee2a0
AURA;2024-12-18T09:17:58+00:00;arbitrum one;0.24685186522549382;0.428311788706716;0.10572956394032045;aura-finance;421610xfbf7fd2964e48babe7bd1a220391882a84001227cd0e2d5746e205f2a9cee2a0
BAL;2024-12-18T09:18:15+00:00;gnosis;0.048163929773653864;2.83195651703785;0.13639815480865242;aura-finance;1000x3e7aa565449f21e1174ffe41ba64244bfb374adfa36a895fd9f2d21da8e1bfdd
AURA;2024-12-18T09:18:15+00:00;gnosis;0.04536738883511337;0.428311788706716;0.019431387460920505;aura-finance;1000x3e7aa565449f21e1174ffe41ba64244bfb374adfa36a895fd9f2d21da8e1bfdd
AURA;2024-12-18T09:18:15+00:00;gnosis;0.05988467256901214;0.428311788706716;0.025649311224149603;aura-finance;1000x3e7aa565449f21e1174ffe41ba64244bfb374adfa36a895fd9f2d21da8e1bfdd
BAL;2024-12-19T08:33:47+00:00;arbitrum one;0.03577450533209627;2.7999152;0.1001655812518174;aura-finance;421610xec4ec747932def4eceeb145f23536d0f942243dcfe66db93eb63872d531ffb39
AURA;2024-12-19T08:33:47+00:00;arbitrum one;0.039251235623376145;0.396252394407365;0.01555339609921046;aura-finance;421610xec4ec747932def4eceeb145f23536d0f942243dcfe66db93eb63872d531ffb39
AURA;2024-12-19T08:33:47+00:00;arbitrum one;0.04947893914731729;0.396252394407365;0.019606148109860784;aura-finance;421610xec4ec747932def4eceeb145f23536d0f942243dcfe66db93eb63872d531ffb39
BAL;2024-12-19T08:33:47+00:00;arbitrum one;0.1009744727383958;2.7999152;0.28271996103222;aura-finance;421610xec4ec747932def4eceeb145f23536d0f942243dcfe66db93eb63872d531ffb39
AURA;2024-12-19T08:33:47+00:00;arbitrum one;0.11078763450699831;0.396252394407365;0.0438998654441261;aura-finance;421610xec4ec747932def4eceeb145f23536d0f942243dcfe66db93eb63872d531ffb39
BAL;2024-12-21T06:58:07+00:00;arbitrum one;0.07138046287498694;2.6469228;0.18893857465835648;aura-finance;421610xc98a4c794583cd0343c56bdb7e92f07fba76cd2dbb9e07230a127cc161342c58
AURA;2024-12-21T06:58:07+00:00;arbitrum one;0.071659091250131;0.364146241643881;0.02609438875835112;aura-finance;421610xc98a4c794583cd0343c56bdb7e92f07fba76cd2dbb9e07230a127cc161342c58
AURA;2024-12-21T06:58:07+00:00;arbitrum one;0.09872476351839651;0.364146241643881;0.03595025159240502;aura-finance;421610xc98a4c794583cd0343c56bdb7e92f07fba76cd2dbb9e07230a127cc161342c58
BAL;2024-12-21T06:58:07+00:00;arbitrum one;0.11519277407329473;2.6469228;0.3049063800898527;aura-finance;421610xc98a4c794583cd0343c56bdb7e92f07fba76cd2dbb9e07230a127cc161342c58
AURA;2024-12-21T06:58:07+00:00;arbitrum one;0.11564242057565198;0.364146241643881;0.042110752827224686;aura-finance;421610xc98a4c794583cd0343c56bdb7e92f07fba76cd2dbb9e07230a127cc161342c58
BAL;2024-12-21T07:06:15+00:00;gnosis;0.15859267963910306;2.38894144611299;0.378868625439973;aura-finance;1000xfcb587d6828034fe9ed602735c88a6b2bce7ce9c43a50c9e50b92bd26d93dff0
AURA;2024-12-21T07:06:15+00:00;gnosis;0.14492170364990425;0.364146241643881;0.05277269371674095;aura-finance;1000xfcb587d6828034fe9ed602735c88a6b2bce7ce9c43a50c9e50b92bd26d93dff0
AURA;2024-12-21T07:06:15+00:00;gnosis;0.18391711108729;0.364146241643881;0.0669727247764368;aura-finance;1000xfcb587d6828034fe9ed602735c88a6b2bce7ce9c43a50c9e50b92bd26d93dff0
BAL;2024-12-22T11:06:41+00:00;arbitrum one;0.03905899523793408;2.43080629;0.0949448513054502;aura-finance;421610xd2435e42d2bd9bcc145b3df97bef6d3b1ee512a5bdc56077d17d90a49b0d9cbe
AURA;2024-12-22T11:06:41+00:00;arbitrum one;0.03859138505710567;0.363980700064255;0.014046519349534553;aura-finance;421610xd2435e42d2bd9bcc145b3df97bef6d3b1ee512a5bdc56077d17d90a49b0d9cbe
AURA;2024-12-22T11:06:41+00:00;arbitrum one;0.054072105408527214;0.363980700064255;0.019681202780543923;aura-finance;421610xd2435e42d2bd9bcc145b3df97bef6d3b1ee512a5bdc56077d17d90a49b0d9cbe
BAL;2024-12-22T11:06:41+00:00;arbitrum one;0.06218417423176516;2.43080629;0.15115768186103068;aura-finance;421610xd2435e42d2bd9bcc145b3df97bef6d3b1ee512a5bdc56077d17d90a49b0d9cbe
AURA;2024-12-22T11:06:41+00:00;arbitrum one;0.061439711841474585;0.363980700064255;0.022362869327806015;aura-finance;421610xd2435e42d2bd9bcc145b3df97bef6d3b1ee512a5bdc56077d17d90a49b0d9cbe
BAL;2024-12-22T11:07:00+00:00;gnosis;0.06476474051921037;2.36259197024151;0.15301265590546137;aura-finance;1000xb54b8d3750d56786ee5ea469a7da803ecedc25726074cfe8263639e034b60aa9
AURA;2024-12-22T11:07:00+00:00;gnosis;0.05848248262322866;0.363980700064255;0.021286494966698394;aura-finance;1000xb54b8d3750d56786ee5ea469a7da803ecedc25726074cfe8263639e034b60aa9
AURA;2024-12-22T11:07:00+00:00;gnosis;0.07972424833203846;0.363980700064255;0.029018087719991877;aura-finance;1000xb54b8d3750d56786ee5ea469a7da803ecedc25726074cfe8263639e034b60aa9
BAL;2024-12-22T11:25:50+00:00;gnosis;0.01922881959553775;2.36259197024151;0.04542985477364008;aura-finance;1000xbc071e3733fa45cf21717752dcf91550656f3377cd00a698484a24d368f95bf6
AURA;2024-12-22T11:25:50+00:00;gnosis;0.017361784435440737;0.363980700064255;0.006319354453176406;aura-finance;1000xbc071e3733fa45cf21717752dcf91550656f3377cd00a698484a24d368f95bf6
AURA;2024-12-22T11:25:50+00:00;gnosis;0.02387428932687633;0.363980700064255;0.00868978054273302;aura-finance;1000xbc071e3733fa45cf21717752dcf91550656f3377cd00a698484a24d368f95bf6
BAL;2024-12-22T11:25:50+00:00;gnosis;0.013858168623072948;2.36259197024151;0.03274119791112499;aura-finance;1000xbc071e3733fa45cf21717752dcf91550656f3377cd00a698484a24d368f95bf6
AURA;2024-12-22T11:25:50+00:00;gnosis;0.01251260042814149;0.363980700064255;0.004554345063459237;aura-finance;1000xbc071e3733fa45cf21717752dcf91550656f3377cd00a698484a24d368f95bf6
AURA;2024-12-22T11:25:50+00:00;gnosis;0.01792128535488392;0.363980700064255;0.006523001989521929;aura-finance;1000xbc071e3733fa45cf21717752dcf91550656f3377cd00a698484a24d368f95bf6
BAL;2024-12-24T08:13:40+00:00;arbitrum one;0.06575801154020113;2.52858408;0.16627466111300884;aura-finance;421610x3aae4e75b74735d489e9da40bb30001bf170dd8253cb5842636f7c39c670b9b6
AURA;2024-12-24T08:13:40+00:00;arbitrum one;0.060711288895725066;0.37702188383618;0.02288948450958882;aura-finance;421610x3aae4e75b74735d489e9da40bb30001bf170dd8253cb5842636f7c39c670b9b6
AURA;2024-12-24T08:13:40+00:00;arbitrum one;0.09597323481887553;0.37702188383618;0.03618400978926452;aura-finance;421610x3aae4e75b74735d489e9da40bb30001bf170dd8253cb5842636f7c39c670b9b6
BAL;2024-12-24T08:13:40+00:00;arbitrum one;0.04615725723546283;2.52858408;0.11671250582205613;aura-finance;421610x3aae4e75b74735d489e9da40bb30001bf170dd8253cb5842636f7c39c670b9b6
AURA;2024-12-24T08:13:40+00:00;arbitrum one;0.042614831455834334;0.37702188383618;0.016066724034839962;aura-finance;421610x3aae4e75b74735d489e9da40bb30001bf170dd8253cb5842636f7c39c670b9b6
BAL;2024-12-24T08:13:55+00:00;gnosis;0.10420244973250341;2.61382017313203;0.2723664652005937;aura-finance;1000xbdf3f522712ef282dfb35e9a72dddabde56e051e01a8d293651f92cbd8670f19
AURA;2024-12-24T08:13:55+00:00;gnosis;0.09233301499121815;0.37702188383618;0.034811567252263316;aura-finance;1000xbdf3f522712ef282dfb35e9a72dddabde56e051e01a8d293651f92cbd8670f19
AURA;2024-12-24T08:13:55+00:00;gnosis;0.12827136977128345;0.37702188383618;0.04836111347341652;aura-finance;1000xbdf3f522712ef282dfb35e9a72dddabde56e051e01a8d293651f92cbd8670f19
BAL;2024-12-25T10:35:00+00:00;arbitrum one;0.8569820107916233;2.64351972;2.2654488452129087;aura-finance;421610xdd811c059da228778b60c2f8ebd71f52b0f412812448bc584e987e0bdcc977bc
AURA;2024-12-25T10:35:00+00:00;arbitrum one;0.7523836451470354;0.381279604213862;0.28686853843864446;aura-finance;421610xdd811c059da228778b60c2f8ebd71f52b0f412812448bc584e987e0bdcc977bc
AURA;2024-12-25T10:35:00+00:00;arbitrum one;1.962375090483276;0.381279604213862;0.7482135978186051;aura-finance;421610xdd811c059da228778b60c2f8ebd71f52b0f412812448bc584e987e0bdcc977bc
BAL;2024-12-25T10:39:07+00:00;arbitrum one;0.03851201483502691;2.64351972;0.10180727067332618;aura-finance;421610x92802d9f23bbb67bb7d7cc1c73fd85d6f1f592d2dccbfea2bca3e312b038b714
AURA;2024-12-25T10:39:07+00:00;arbitrum one;0.03381145664512644;0.381279604213862;0.012891618807547963;aura-finance;421610x92802d9f23bbb67bb7d7cc1c73fd85d6f1f592d2dccbfea2bca3e312b038b714
AURA;2024-12-25T10:39:07+00:00;arbitrum one;0.05620794419628144;0.381279604213862;0.02143094271683303;aura-finance;421610x92802d9f23bbb67bb7d7cc1c73fd85d6f1f592d2dccbfea2bca3e312b038b714
BAL;2024-12-25T10:39:07+00:00;arbitrum one;0.03581757319774912;2.64351972;0.09468446107079326;aura-finance;421610x92802d9f23bbb67bb7d7cc1c73fd85d6f1f592d2dccbfea2bca3e312b038b714
AURA;2024-12-25T10:39:07+00:00;arbitrum one;0.03144588327816817;0.381279604213862;0.01198967393045526;aura-finance;421610x92802d9f23bbb67bb7d7cc1c73fd85d6f1f592d2dccbfea2bca3e312b038b714
BAL;2024-12-25T12:44:05+00:00;gnosis;0.0635568801194782;2.58867390101736;0.16452803679538233;aura-finance;1000x34e8db27dbfb56febda0b45ab804481bbbc91a6f1b74e5327ccb77b7a098ce12
AURA;2024-12-25T12:44:05+00:00;gnosis;0.0556525420768558;0.381279604213862;0.02121917921655888;aura-finance;1000x34e8db27dbfb56febda0b45ab804481bbbc91a6f1b74e5327ccb77b7a098ce12
AURA;2024-12-25T12:44:05+00:00;gnosis;0.08075299626230029;0.381279604213862;0.03078947045397333;aura-finance;1000x34e8db27dbfb56febda0b45ab804481bbbc91a6f1b74e5327ccb77b7a098ce12
BAL;2024-12-26T12:44:40+00:00;gnosis;0.00584155542466021;2.42533207999428;0.014167711768493017;aura-finance;1000x0689a3d9ea9b362a9313518e2728272cf1925cebcca2a26aafe91551b5bb3f75
AURA;2024-12-26T12:44:40+00:00;gnosis;0.005065932452726613;0.379985057901485;0.001924978636374334;aura-finance;1000x0689a3d9ea9b362a9313518e2728272cf1925cebcca2a26aafe91551b5bb3f75
AURA;2024-12-26T12:44:40+00:00;gnosis;0.005755130393523819;0.379985057901485;0.0021868635558137447;aura-finance;1000x0689a3d9ea9b362a9313518e2728272cf1925cebcca2a26aafe91551b5bb3f75
BAL;2024-12-26T12:44:40+00:00;gnosis;0.053878048565555246;2.42533207999428;0.13067215959353093;aura-finance;1000x0689a3d9ea9b362a9313518e2728272cf1925cebcca2a26aafe91551b5bb3f75
AURA;2024-12-26T12:44:40+00:00;gnosis;0.04672429428052603;0.379985057901485;0.017754533667591707;aura-finance;1000x0689a3d9ea9b362a9313518e2728272cf1925cebcca2a26aafe91551b5bb3f75
AURA;2024-12-26T12:44:40+00:00;gnosis;0.06801249104621711;0.379985057901485;0.025843730348221038;aura-finance;1000x0689a3d9ea9b362a9313518e2728272cf1925cebcca2a26aafe91551b5bb3f75
BAL;2024-12-26T12:44:55+00:00;gnosis;0.015625628027729058;2.42533207999428;0.037897336925709034;aura-finance;1000x1a6e3e36028d178196ba84c0613a5eb864627534e08f54037f892c05cc296762
AURA;2024-12-26T12:44:55+00:00;gnosis;0.013550907312415279;0.379985057901485;0.005149142299725776;aura-finance;1000x1a6e3e36028d178196ba84c0613a5eb864627534e08f54037f892c05cc296762
AURA;2024-12-26T12:44:55+00:00;gnosis;0.019542389831283084;0.379985057901485;0.007425816131573494;aura-finance;1000x1a6e3e36028d178196ba84c0613a5eb864627534e08f54037f892c05cc296762
BAL;2024-12-26T12:44:55+00:00;gnosis;0.01115066671218162;2.42533207999428;0.02704406969037843;aura-finance;1000x1a6e3e36028d178196ba84c0613a5eb864627534e08f54037f892c05cc296762
AURA;2024-12-26T12:44:55+00:00;gnosis;0.009670116991154807;0.379985057901485;0.0036744999647980933;aura-finance;1000x1a6e3e36028d178196ba84c0613a5eb864627534e08f54037f892c05cc296762
AURA;2024-12-26T12:44:55+00:00;gnosis;0.01293165035588462;0.379985057901485;0.0049138339092425765;aura-finance;1000x1a6e3e36028d178196ba84c0613a5eb864627534e08f54037f892c05cc296762
BAL;2024-12-27T09:57:42+00:00;arbitrum one;0.2340740786774193;2.53533456;0.5934561012710202;aura-finance;421610x43efc85df67e4c0e72e0f2104124c53adfe74ac18166d7ccd8437aced30d4e82
AURA;2024-12-27T09:57:42+00:00;arbitrum one;0.24612710486446499;0.379997079519348;0.093527581039049;aura-finance;421610x43efc85df67e4c0e72e0f2104124c53adfe74ac18166d7ccd8437aced30d4e82
AURA;2024-12-27T09:57:42+00:00;arbitrum one;0.37397731719808114;0.379997079519348;0.14211028834175168;aura-finance;421610x43efc85df67e4c0e72e0f2104124c53adfe74ac18166d7ccd8437aced30d4e82
BAL;2024-12-27T09:57:42+00:00;arbitrum one;0.07075577090833475;2.53533456;0.1793895513033437;aura-finance;421610x43efc85df67e4c0e72e0f2104124c53adfe74ac18166d7ccd8437aced30d4e82
AURA;2024-12-27T09:57:42+00:00;arbitrum one;0.07439915237313184;0.379997079519348;0.028271460620505066;aura-finance;421610x43efc85df67e4c0e72e0f2104124c53adfe74ac18166d7ccd8437aced30d4e82
AURA;2024-12-27T09:57:42+00:00;arbitrum one;0.1006297585342313;0.379997079519348;0.038239014355745074;aura-finance;421610x43efc85df67e4c0e72e0f2104124c53adfe74ac18166d7ccd8437aced30d4e82
BAL;2024-12-27T09:57:42+00:00;arbitrum one;0.06942004408951132;2.53533456;0.17600303693686178;aura-finance;421610x43efc85df67e4c0e72e0f2104124c53adfe74ac18166d7ccd8437aced30d4e82
AURA;2024-12-27T09:57:42+00:00;arbitrum one;0.07299464583116697;0.379997079519348;0.0277377522363926;aura-finance;421610x43efc85df67e4c0e72e0f2104124c53adfe74ac18166d7ccd8437aced30d4e82
BAL;2024-12-27T12:13:15+00:00;gnosis;0.005967243434272322;2.4391507625629;0.014555006373103793;aura-finance;1000xff57f94b417d970fb08e76b68c7b5685648dbf9ef26e40dad26b56d8485e33d1
AURA;2024-12-27T12:13:15+00:00;gnosis;0.005125704393138298;0.379997079519348;0.0019477526998720452;aura-finance;1000xff57f94b417d970fb08e76b68c7b5685648dbf9ef26e40dad26b56d8485e33d1
AURA;2024-12-27T12:13:15+00:00;gnosis;0.006498105998051192;0.379997079519348;0.002469261301666611;aura-finance;1000xff57f94b417d970fb08e76b68c7b5685648dbf9ef26e40dad26b56d8485e33d1
BAL;2024-12-27T12:13:15+00:00;gnosis;0.05379842049928484;2.4391507625629;0.13122245838551017;aura-finance;1000xff57f94b417d970fb08e76b68c7b5685648dbf9ef26e40dad26b56d8485e33d1
AURA;2024-12-27T12:13:15+00:00;gnosis;0.04621142129267143;0.379997079519348;0.017560205131653357;aura-finance;1000xff57f94b417d970fb08e76b68c7b5685648dbf9ef26e40dad26b56d8485e33d1
AURA;2024-12-27T12:13:15+00:00;gnosis;0.0552560544603208;0.379997079519348;0.020997139320683946;aura-finance;1000xff57f94b417d970fb08e76b68c7b5685648dbf9ef26e40dad26b56d8485e33d1
BAL;2024-12-28T11:22:12+00:00;arbitrum one;0.09466900066055642;2.45507072;0.23241909161339272;aura-finance;421610x9de5e0e0b87046c4b0936419a984e4f6ffd0e632cebd891205eaa7bae7a397ab
AURA;2024-12-28T11:22:12+00:00;arbitrum one;0.09841968581748685;0.358379734625315;0.035271620885177817;aura-finance;421610x9de5e0e0b87046c4b0936419a984e4f6ffd0e632cebd891205eaa7bae7a397ab
AURA;2024-12-28T11:22:12+00:00;arbitrum one;0.13951580449107176;0.358379734625315;0.04999963698954763;aura-finance;421610x9de5e0e0b87046c4b0936419a984e4f6ffd0e632cebd891205eaa7bae7a397ab
BAL;2024-12-28T11:22:12+00:00;arbitrum one;0.04236921193851667;2.45507072;0.10401941165972671;aura-finance;421610x9de5e0e0b87046c4b0936419a984e4f6ffd0e632cebd891205eaa7bae7a397ab
AURA;2024-12-28T11:22:12+00:00;arbitrum one;0.04404783506984592;0.358379734625315;0.015785851443151023;aura-finance;421610x9de5e0e0b87046c4b0936419a984e4f6ffd0e632cebd891205eaa7bae7a397ab
AURA;2024-12-28T11:22:12+00:00;arbitrum one;0.05404208138336704;0.358379734625315;0.019367586784770758;aura-finance;421610x9de5e0e0b87046c4b0936419a984e4f6ffd0e632cebd891205eaa7bae7a397ab
BAL;2024-12-28T11:22:12+00:00;arbitrum one;0.03727998040620457;2.45507072;0.09152498833744653;aura-finance;421610x9de5e0e0b87046c4b0936419a984e4f6ffd0e632cebd891205eaa7bae7a397ab
AURA;2024-12-28T11:22:12+00:00;arbitrum one;0.03875697359494187;0.358379734625315;0.013889713911835607;aura-finance;421610x9de5e0e0b87046c4b0936419a984e4f6ffd0e632cebd891205eaa7bae7a397ab
wstETH;2024-12-28T19:20:15+00:00;gnosis;0.002577473548583406;3875.16958849669;9.98814711062506;curve;1000x18b144753156e2c8a3a97e01bceb996735d8d43f02bf4d122a71ca329a05ef74
BAL;2024-12-28T19:20:31+00:00;arbitrum one;0.6475130233850874;2.5413818;1.6455778128938356;aura-finance;421610xa696533818729321a6b302d16142c38fddc43626849e7110033dde0e81292dff
AURA;2024-12-28T19:20:31+00:00;arbitrum one;0.6731668009551878;0.358379734625315;0.24124933948489244;aura-finance;421610xa696533818729321a6b302d16142c38fddc43626849e7110033dde0e81292dff
AURA;2024-12-28T19:20:31+00:00;arbitrum one;1.0070953566006913;0.358379734625315;0.3609225666409427;aura-finance;421610xa696533818729321a6b302d16142c38fddc43626849e7110033dde0e81292dff
BAL;2024-12-29T07:53:20+00:00;gnosis;0.01200075485281337;2.43743194053363;0.029251023188761268;aura-finance;1000xf4c0235662ca8137e1a737e65fb9ea4f566016c734f3dcdbbfc1ed79959fffa6
AURA;2024-12-29T07:53:20+00:00;gnosis;0.012969613417965641;0.358470816095669;0.004649227906383483;aura-finance;1000xf4c0235662ca8137e1a737e65fb9ea4f566016c734f3dcdbbfc1ed79959fffa6
AURA;2024-12-29T07:53:20+00:00;gnosis;0.012084904887866904;0.358470816095669;0.004332085717592188;aura-finance;1000xf4c0235662ca8137e1a737e65fb9ea4f566016c734f3dcdbbfc1ed79959fffa6
BAL;2024-12-29T07:53:20+00:00;gnosis;0.10558691770725386;2.43743194053363;0.25736092572215646;aura-finance;1000xf4c0235662ca8137e1a737e65fb9ea4f566016c734f3dcdbbfc1ed79959fffa6
AURA;2024-12-29T07:53:20+00:00;gnosis;0.1141112806197017;0.358470816095669;0.04090556388946637;aura-finance;1000xf4c0235662ca8137e1a737e65fb9ea4f566016c734f3dcdbbfc1ed79959fffa6
AURA;2024-12-29T07:53:20+00:00;gnosis;0.12604289270194066;0.358470816095669;0.04518269860992351;aura-finance;1000xf4c0235662ca8137e1a737e65fb9ea4f566016c734f3dcdbbfc1ed79959fffa6
wstETH;2024-12-29T07:54:20+00:00;gnosis;0.000034423842101149;3823.15681344303;0.13160774647389484;curve;1000x760b70aed5cec696bdc197b730c428f41c6704660219a13198f1a7879bfcaf3d
BAL;2024-12-29T08:11:08+00:00;arbitrum one;0.09674070234666132;2.52220156;0.24399955037424484;aura-finance;421610x3ee95df7dfb12a183ef7ccb408e320a6a909561fe8da5408b3897ebd336b5420
AURA;2024-12-29T08:11:08+00:00;arbitrum one;0.09790045250645726;0.358470816095669;0.035094455106125015;aura-finance;421610x3ee95df7dfb12a183ef7ccb408e320a6a909561fe8da5408b3897ebd336b5420
AURA;2024-12-29T08:11:08+00:00;arbitrum one;0.14964073351979476;0.358470816095669;0.05364183586599536;aura-finance;421610x3ee95df7dfb12a183ef7ccb408e320a6a909561fe8da5408b3897ebd336b5420
BAL;2024-12-29T08:13:45+00:00;gnosis;0.011006381438760338;2.43743194053363;0.026827305668530938;aura-finance;1000x1b893594e20a78c79a30daadaa1f1652b0cde7239c766364ade38c0e25447875
AURA;2024-12-29T08:13:45+00:00;gnosis;0.011893406337556516;0.358470816095669;0.004263439075981286;aura-finance;1000x1b893594e20a78c79a30daadaa1f1652b0cde7239c766364ade38c0e25447875
AURA;2024-12-29T08:13:45+00:00;gnosis;0.0110125995098498;0.358470816095669;0.003947695533630622;aura-finance;1000x1b893594e20a78c79a30daadaa1f1652b0cde7239c766364ade38c0e25447875
BAL;2024-12-29T08:13:45+00:00;gnosis;0.008548156761144765;2.43743194053363;0.020835550322302752;aura-finance;1000x1b893594e20a78c79a30daadaa1f1652b0cde7239c766364ade38c0e25447875
AURA;2024-12-29T08:13:45+00:00;gnosis;0.009237068728092034;0.358470816095669;0.0033112195652909345;aura-finance;1000x1b893594e20a78c79a30daadaa1f1652b0cde7239c766364ade38c0e25447875
AURA;2024-12-29T08:13:45+00:00;gnosis;0.008839489678651;0.358470816095669;0.003168699078975267;aura-finance;1000x1b893594e20a78c79a30daadaa1f1652b0cde7239c766364ade38c0e25447875
wstETH;2024-12-29T08:18:30+00:00;gnosis;0.003920464931474928;3823.15681344303;14.988552214632833;curve;1000xddb76e3fa4c99843d9b2a2d25fcba467f624954ae804092f4423dc4f8364aa45
BAL;2024-12-30T07:51:53+00:00;arbitrum one;0.14600709792694253;2.48350697;0.3626096453710343;aura-finance;421610x11eb91308432ff8a6a0ff516020105796cb89e44dda1c0af786e727f7fdcc871
AURA;2024-12-30T07:51:53+00:00;arbitrum one;0.1465431299404267;0.368956321251169;0.05406801412745188;aura-finance;421610x11eb91308432ff8a6a0ff516020105796cb89e44dda1c0af786e727f7fdcc871
AURA;2024-12-30T07:51:53+00:00;arbitrum one;0.11234677236006967;0.368956321251169;0.04145105183441382;aura-finance;421610x11eb91308432ff8a6a0ff516020105796cb89e44dda1c0af786e727f7fdcc871
BAL;2024-12-30T07:51:53+00:00;arbitrum one;0.07419245587975509;2.48350697;0.18425748129878924;aura-finance;421610x11eb91308432ff8a6a0ff516020105796cb89e44dda1c0af786e727f7fdcc871
AURA;2024-12-30T07:51:53+00:00;arbitrum one;0.07446483668914876;0.368956321251169;0.027474272207397406;aura-finance;421610x11eb91308432ff8a6a0ff516020105796cb89e44dda1c0af786e727f7fdcc871
AURA;2024-12-30T07:51:53+00:00;arbitrum one;0.06998942321213576;0.368956321251169;0.025823040114840788;aura-finance;421610x11eb91308432ff8a6a0ff516020105796cb89e44dda1c0af786e727f7fdcc871
BAL;2024-12-30T07:51:53+00:00;arbitrum one;0.04777472801035441;2.48350697;0.1186488700035694;aura-finance;421610x11eb91308432ff8a6a0ff516020105796cb89e44dda1c0af786e727f7fdcc871
AURA;2024-12-30T07:51:53+00:00;arbitrum one;0.0479501221111389;0.368956321251169;0.017691500657670146;aura-finance;421610x11eb91308432ff8a6a0ff516020105796cb89e44dda1c0af786e727f7fdcc871
BAL;2024-12-30T07:54:10+00:00;gnosis;0.00659869044309703;2.42350549816579;0.015991962569539706;aura-finance;1000x9d876288111c8bbfe624ff6e21b6dd8537403a58892949134bc3d99b34f673ca
AURA;2024-12-30T07:54:10+00:00;gnosis;0.007061610214131831;0.368956321251169;0.0026054257267157602;aura-finance;1000x9d876288111c8bbfe624ff6e21b6dd8537403a58892949134bc3d99b34f673ca
AURA;2024-12-30T07:54:10+00:00;gnosis;0.006644960868491466;0.368956321251169;0.0024517003168965843;aura-finance;1000x9d876288111c8bbfe624ff6e21b6dd8537403a58892949134bc3d99b34f673ca
BAL;2024-12-30T07:54:10+00:00;gnosis;0.058054537707729455;2.42350549816579;0.1406954913281555;aura-finance;1000x9d876288111c8bbfe624ff6e21b6dd8537403a58892949134bc3d99b34f673ca
AURA;2024-12-30T07:54:10+00:00;gnosis;0.06212725388299833;0.368956321251169;0.022922243042108468;aura-finance;1000x9d876288111c8bbfe624ff6e21b6dd8537403a58892949134bc3d99b34f673ca
AURA;2024-12-30T07:54:10+00:00;gnosis;0.06930178497533133;0.368956321251169;0.025569331640637787;aura-finance;1000x9d876288111c8bbfe624ff6e21b6dd8537403a58892949134bc3d99b34f673ca
wstETH;2024-12-30T10:59:40+00:00;gnosis;0.000834965880693343;3838.05894571851;3.2046482677648194;curve;1000xb5f804213759db6fc7bff0d9c8255d605324f8ef879db8134d826902ab9bb95e
